-- MySQL dump 10.13  Distrib 5.1.51, for apple-darwin10.3.2 (i386)
--
-- Host: localhost    Database: gtcc_dev
-- ------------------------------------------------------
-- Server version	5.1.51

/*!40101 SET @OLD_CHARACTER_SET_CLIENT=@@CHARACTER_SET_CLIENT */;
/*!40101 SET @OLD_CHARACTER_SET_RESULTS=@@CHARACTER_SET_RESULTS */;
/*!40101 SET @OLD_COLLATION_CONNECTION=@@COLLATION_CONNECTION */;
/*!40101 SET NAMES utf8 */;
/*!40103 SET @OLD_TIME_ZONE=@@TIME_ZONE */;
/*!40103 SET TIME_ZONE='+00:00' */;
/*!40014 SET @OLD_UNIQUE_CHECKS=@@UNIQUE_CHECKS, UNIQUE_CHECKS=0 */;
/*!40014 SET @OLD_FOREIGN_KEY_CHECKS=@@FOREIGN_KEY_CHECKS, FOREIGN_KEY_CHECKS=0 */;
/*!40101 SET @OLD_SQL_MODE=@@SQL_MODE, SQL_MODE='NO_AUTO_VALUE_ON_ZERO' */;
/*!40111 SET @OLD_SQL_NOTES=@@SQL_NOTES, SQL_NOTES=0 */;

--
-- Table structure for table `cars`
--

DROP TABLE IF EXISTS `cars`;
/*!40101 SET @saved_cs_client     = @@character_set_client */;
/*!40101 SET character_set_client = utf8 */;
CREATE TABLE `cars` (
  `id` int(11) NOT NULL AUTO_INCREMENT,
  `name` varchar(255) COLLATE utf8_unicode_ci DEFAULT NULL,
  `manufacturer_id` int(11) DEFAULT NULL,
  `created_at` datetime DEFAULT NULL,
  `updated_at` datetime DEFAULT NULL,
  PRIMARY KEY (`id`)
) ENGINE=InnoDB AUTO_INCREMENT=1032 DEFAULT CHARSET=utf8 COLLATE=utf8_unicode_ci;
/*!40101 SET character_set_client = @saved_cs_client */;

--
-- Dumping data for table `cars`
--

LOCK TABLES `cars` WRITE;
/*!40000 ALTER TABLE `cars` DISABLE KEYS */;
INSERT INTO `cars` VALUES (1,'AC Cars 427 S/C \'66 ',1,'2011-05-19 13:04:17','2011-05-19 13:04:17'),(2,'Acura NSX \'91 ',2,'2011-05-19 13:04:17','2011-05-19 13:04:17'),(3,'Acura NSX \'91 (Racing Modification) ',2,'2011-05-19 13:04:17','2011-05-19 13:04:17'),(4,'Acura NSX Coupe \'97 ',2,'2011-05-19 13:04:17','2011-05-19 13:04:17'),(5,'Acura NSX \'04 ',2,'2011-05-19 13:04:17','2011-05-19 13:04:17'),(6,'Acura HSC Concept \'04 ',2,'2011-05-19 13:04:17','2011-05-19 13:04:17'),(7,'Acura INTEGRA TYPE R \'01 ',2,'2011-05-19 13:04:17','2011-05-19 13:04:17'),(8,'Acura CL 3.2 Type-S \'01 ',2,'2011-05-19 13:04:17','2011-05-19 13:04:17'),(9,'Acura CL 3.2 Type-S \'03 ',2,'2011-05-19 13:04:17','2011-05-19 13:04:17'),(10,'Acura RSX Type-S \'04 ',2,'2011-05-19 13:04:17','2011-05-19 13:04:17'),(11,'Acura DN-X Concept \'02 ',2,'2011-05-19 13:04:17','2011-05-19 13:04:17'),(12,'AEM S2000 (SEMA Gran Turismo Awards 2005) ',3,'2011-05-19 13:04:17','2011-05-19 13:04:17'),(13,'Alfa Romeo 147 2.0 TWIN SPARK \'02 ',3,'2011-05-19 13:04:17','2011-05-19 13:04:17'),(14,'Alfa Romeo 147 GTA \'02 ',3,'2011-05-19 13:04:17','2011-05-19 13:04:17'),(15,'Alfa Romeo 147 TI 2.0 TWIN SPARK \'06 ',3,'2011-05-19 13:04:17','2011-05-19 13:04:17'),(16,'Alfa Romeo 155 2.5 V6 TI \'93 ',3,'2011-05-19 13:04:17','2011-05-19 13:04:17'),(17,'Alfa Romeo 156 2.5 V6 24V \'98 ',3,'2011-05-19 13:04:17','2011-05-19 13:04:17'),(18,'Alfa Romeo 166 2.5 V6 24V Sportronic \'98 ',3,'2011-05-19 13:04:17','2011-05-19 13:04:17'),(19,'Alfa Romeo 8C Competizione \'08 ',3,'2011-05-19 13:04:17','2011-05-19 13:04:17'),(20,'Alfa Romeo Brera Sky Window 3.2 JTS Q4 \'06 ',3,'2011-05-19 13:04:17','2011-05-19 13:04:17'),(21,'Alfa Romeo Giulia Sprint GTA 1600 \'65 ',3,'2011-05-19 13:04:17','2011-05-19 13:04:17'),(22,'Alfa Romeo Giulia Sprint Speciale \'63 ',3,'2011-05-19 13:04:17','2011-05-19 13:04:17'),(23,'Alfa Romeo GIULIA TZ2 carrozzata da ZAGATO CN.AR750106 \'65 (Pebble Beach Concours d\'Elegance GT Trophy 2009) ',3,'2011-05-19 13:04:17','2011-05-19 13:04:17'),(24,'Alfa Romeo GT 3.2 V6 24V \'04 ',3,'2011-05-19 13:04:17','2011-05-19 13:04:17'),(25,'Alfa Romeo GTV 3.0 V6 24V \'01 ',3,'2011-05-19 13:04:17','2011-05-19 13:04:17'),(26,'Alfa Romeo Spider 3.0i V6 24V \'01 ',3,'2011-05-19 13:04:17','2011-05-19 13:04:17'),(27,'Alfa Romeo Spider 1600 Duetto \'66 ',3,'2011-05-19 13:04:17','2011-05-19 13:04:17'),(28,'Alpine A110 1600S \'73 ',5,'2011-05-19 13:04:17','2011-05-19 13:04:17'),(29,'Alpine A310 1600VE \'73 ',5,'2011-05-19 13:04:17','2011-05-19 13:04:17'),(30,'Amuse Carbon R (R34) \'04 ',6,'2011-05-19 13:04:17','2011-05-19 13:04:17'),(31,'Amuse NISMO 380RS Super Leggera ',6,'2011-05-19 13:04:17','2011-05-19 13:04:17'),(32,'Amuse S2000 GT1 \'04 ',6,'2011-05-19 13:04:17','2011-05-19 13:04:17'),(33,'Amuse S2000 GT1 Turbo ',6,'2011-05-19 13:04:17','2011-05-19 13:04:17'),(34,'Amuse S2000 R1 \'04 ',6,'2011-05-19 13:04:17','2011-05-19 13:04:17'),(35,'Amuse S2000 Street Version \'04 ',6,'2011-05-19 13:04:17','2011-05-19 13:04:17'),(36,'Art Morrison Corvette \'60 (SEMA Gran Turismo Awards 2006) ',7,'2011-05-19 13:04:17','2011-05-19 13:04:17'),(37,'Aston Martin DB7 Vantage Coupe \'00 ',8,'2011-05-19 13:04:17','2011-05-19 13:04:17'),(38,'Aston Martin DB9 Coupe \'03 ',8,'2011-05-19 13:04:17','2011-05-19 13:04:17'),(39,'Aston Martin DB9 Coupe \'06 ',8,'2011-05-19 13:04:17','2011-05-19 13:04:17'),(40,'Aston Martin V8 Vantage \'99 ',8,'2011-05-19 13:04:17','2011-05-19 13:04:17'),(41,'Aston Martin Vanquish \'04 ',8,'2011-05-19 13:04:17','2011-05-19 13:04:17'),(42,'Audi A2 1.4 \'02 ',9,'2011-05-19 13:04:17','2011-05-19 13:04:17'),(43,'Audi A3 3.2 quattro \'03 ',9,'2011-05-19 13:04:17','2011-05-19 13:04:17'),(44,'Audi A4 Touring Car \'04 ',9,'2011-05-19 13:04:17','2011-05-19 13:04:17'),(45,'Audi Abt Audi TT-R Touring Car \'02 ',9,'2011-05-19 13:04:17','2011-05-19 13:04:17'),(46,'Audi Le Mans quattro \'03 ',9,'2011-05-19 13:04:17','2011-05-19 13:04:17'),(47,'Audi Nuvolari quattro \'03 ',9,'2011-05-19 13:04:17','2011-05-19 13:04:17'),(48,'Audi Pikes Peak quattro \'03 ',9,'2011-05-19 13:04:17','2011-05-19 13:04:17'),(49,'Audi quattro \'82 ',9,'2011-05-19 13:04:17','2011-05-19 13:04:17'),(50,'Audi R8 4.2 FSI R tronic \'07 ',9,'2011-05-19 13:04:17','2011-05-19 13:04:17'),(51,'Audi R8 5.2 FSI quattro \'09 ',9,'2011-05-19 13:04:17','2011-05-19 13:04:17'),(52,'Audi R8 LMS Race Car \'09 ',9,'2011-05-19 13:04:17','2011-05-19 13:04:17'),(53,'Audi R8 LMS Race Car (Team PlayStation) \'09 ',9,'2011-05-19 13:04:17','2011-05-19 13:04:17'),(54,'Audi R8 Race Car \'01 ',9,'2011-05-19 13:04:17','2011-05-19 13:04:17'),(55,'Audi R8 Race Car (Audi PlayStation Team ORECA) \'05 ',9,'2011-05-19 13:04:17','2011-05-19 13:04:17'),(56,'Audi R10 TDI Race Car \'06 ',9,'2011-05-19 13:04:17','2011-05-19 13:04:17'),(57,'Audi RS 4 \'01 ',9,'2011-05-19 13:04:17','2011-05-19 13:04:17'),(58,'Audi RS 6 \'02 ',9,'2011-05-19 13:04:17','2011-05-19 13:04:17'),(59,'Audi RS 6 Avant \'02 ',9,'2011-05-19 13:04:17','2011-05-19 13:04:17'),(60,'Audi RS 6 Avant \'08 ',9,'2011-05-19 13:04:17','2011-05-19 13:04:17'),(61,'Audi S3 \'02 ',9,'2011-05-19 13:04:17','2011-05-19 13:04:17'),(62,'Audi S4 \'98 ',9,'2011-05-19 13:04:17','2011-05-19 13:04:17'),(63,'Audi S4 \'03 ',9,'2011-05-19 13:04:17','2011-05-19 13:04:17'),(64,'Audi TT Coupe 1.8T quattro \'00 ',9,'2011-05-19 13:04:17','2011-05-19 13:04:17'),(65,'Audi TT Coupe 3.2 quattro \'03 ',9,'2011-05-19 13:04:17','2011-05-19 13:04:17'),(66,'Audi TT Coupe 3.2 quattro \'07 ',9,'2011-05-19 13:04:17','2011-05-19 13:04:17'),(67,'Audi TTS Coupe \'09 ',9,'2011-05-19 13:04:17','2011-05-19 13:04:17'),(68,'Autobacs ARTA Garaiya (JGTC) \'03 ',10,'2011-05-19 13:04:17','2011-05-19 13:04:17'),(69,'Autobacs ARTA Garaiya (SUPER GT) \'08 ',10,'2011-05-19 13:04:17','2011-05-19 13:04:17'),(70,'Autobacs Garaiya \'02 ',10,'2011-05-19 13:04:17','2011-05-19 13:04:17'),(71,'Autobianchi A112 Abarth \'79 ',11,'2011-05-19 13:04:17','2011-05-19 13:04:17'),(72,'Bentley Speed 8 Race Car \'03 ',12,'2011-05-19 13:04:17','2011-05-19 13:04:17'),(73,'BLITZ DUNLOP ER34 Skyline (D1GP) \'07 ',13,'2011-05-19 13:04:17','2011-05-19 13:04:17'),(74,'BLITZ ER34 D1 SPEC (D1GP) \'04 ',13,'2011-05-19 13:04:17','2011-05-19 13:04:17'),(75,'BMW 120d \'04 ',14,'2011-05-19 13:04:17','2011-05-19 13:04:17'),(76,'BMW 120i \'04 ',14,'2011-05-19 13:04:17','2011-05-19 13:04:17'),(77,'BMW 135i Coupe \'07 ',14,'2011-05-19 13:04:17','2011-05-19 13:04:17'),(78,'BMW 320i Touring Car \'03 ',14,'2011-05-19 13:04:17','2011-05-19 13:04:17'),(79,'BMW 330i \'05 ',14,'2011-05-19 13:04:17','2011-05-19 13:04:17'),(80,'BMW 2002 Turbo \'73 ',14,'2011-05-19 13:04:17','2011-05-19 13:04:17'),(81,'BMW Concept 1 Series tii \'07 ',14,'2011-05-19 13:04:17','2011-05-19 13:04:17'),(82,'BMW M3 \'04 ',14,'2011-05-19 13:04:17','2011-05-19 13:04:17'),(83,'BMW M3 Coupe \'07 ',14,'2011-05-19 13:04:17','2011-05-19 13:04:17'),(84,'BMW M3 CSL \'03 ',14,'2011-05-19 13:04:17','2011-05-19 13:04:17'),(85,'BMW M3 GTR \'03 ',14,'2011-05-19 13:04:17','2011-05-19 13:04:17'),(86,'BMW M3 GTR Race Car \'01 ',14,'2011-05-19 13:04:17','2011-05-19 13:04:17'),(87,'BMW M5 \'05 ',14,'2011-05-19 13:04:17','2011-05-19 13:04:17'),(88,'BMW M5 \'08 ',14,'2011-05-19 13:04:17','2011-05-19 13:04:17'),(89,'BMW McLaren F1 GTR Race Car \'97 ',14,'2011-05-19 13:04:17','2011-05-19 13:04:17'),(90,'BMW M Coupe \'98 ',14,'2011-05-19 13:04:17','2011-05-19 13:04:17'),(91,'BMW V12 LMR Race Car \'99 ',14,'2011-05-19 13:04:17','2011-05-19 13:04:17'),(92,'BMW Z4 \'03 ',14,'2011-05-19 13:04:17','2011-05-19 13:04:17'),(93,'BMW Z4 M Coupe \'08 ',14,'2011-05-19 13:04:17','2011-05-19 13:04:17'),(94,'Bugatti Veyron 16.4 \'09 ',15,'2011-05-19 13:04:17','2011-05-19 13:04:17'),(95,'Buick GNX \'87 ',16,'2011-05-19 13:04:17','2011-05-19 13:04:17'),(96,'Buick Special \'62 (SEMA Gran Turismo Awards 2003) ',16,'2011-05-19 13:04:17','2011-05-19 13:04:17'),(97,'Cadillac CIEN Concept \'02 ',17,'2011-05-19 13:04:17','2011-05-19 13:04:17'),(98,'Callaway C12 \'03 ',17,'2011-05-19 13:04:17','2011-05-19 13:04:17'),(99,'Caterham Seven Fire Blade \'02 ',19,'2011-05-19 13:04:17','2011-05-19 13:04:17'),(100,'Chaparral 2D Race Car \'67 ',20,'2011-05-19 13:04:17','2011-05-19 13:04:17'),(101,'Chaparral 2J Race Car \'70 ',20,'2011-05-19 13:04:17','2011-05-19 13:04:17'),(102,'Chevrolet 2010 Dale Earnhardt Jr. #88 AMP Energy/National Guard CHEVROLET IMPALA \'10 ',21,'2011-05-19 13:04:17','2011-05-19 13:04:17'),(103,'Chevrolet 2010 Jeff Gordon #24 DuPont CHEVROLET IMPALA \'10 ',21,'2011-05-19 13:04:17','2011-05-19 13:04:17'),(104,'Chevrolet 2010 Jimmie Johnson #48 Lowe\'s CHEVROLET IMPALA \'10 ',21,'2011-05-19 13:04:17','2011-05-19 13:04:17'),(105,'Chevrolet 2010 Juan Montoya #42 Target CHEVROLET IMPALA \'10 ',21,'2011-05-19 13:04:17','2011-05-19 13:04:17'),(106,'Chevrolet 2010 Tony Stewart #14 Office Depot/Old Spice CHEVROLET IMPALA \'10 ',21,'2011-05-19 13:04:17','2011-05-19 13:04:17'),(107,'Chevrolet Camaro IROC-Z Concept \'88 ',21,'2011-05-19 13:04:17','2011-05-19 13:04:17'),(108,'Chevrolet Camaro LM Race Car ',21,'2011-05-19 13:04:17','2011-05-19 13:04:17'),(109,'Chevrolet Camaro SS \'69 ',21,'2011-05-19 13:04:17','2011-05-19 13:04:17'),(110,'Chevrolet Camaro SS \'00 ',21,'2011-05-19 13:04:17','2011-05-19 13:04:17'),(111,'Chevrolet Camaro SS \'10 ',21,'2011-05-19 13:04:17','2011-05-19 13:04:17'),(112,'Chevrolet Camaro SS (Racing Modification)\'10 ',21,'2011-05-19 13:04:17','2011-05-19 13:04:17'),(113,'Chevrolet Camaro Z28 \'69 ',21,'2011-05-19 13:04:17','2011-05-19 13:04:17'),(114,'Chevrolet Camaro Z28 Coupe \'97 ',21,'2011-05-19 13:04:17','2011-05-19 13:04:17'),(115,'Chevrolet Camaro Z28(Racing Modification)\'69 ',21,'2011-05-19 13:04:17','2011-05-19 13:04:17'),(116,'Chevrolet Chevelle SS 454 \'70 ',21,'2011-05-19 13:04:17','2011-05-19 13:04:17'),(117,'Chevrolet Corvette C5-R (C5) \'00 ',21,'2011-05-19 13:04:17','2011-05-19 13:04:17'),(118,'Chevrolet Corvette Convertible (C1) \'54 ',21,'2011-05-19 13:04:17','2011-05-19 13:04:17'),(119,'Chevrolet Corvette Coupe (C2) \'63 ',21,'2011-05-19 13:04:17','2011-05-19 13:04:17'),(120,'Chevrolet Corvette GRAND SPORT (C4) \'96 ',21,'2011-05-19 13:04:17','2011-05-19 13:04:17'),(121,'Chevrolet Corvette Stingray Convertible (C3) \'69 ',21,'2011-05-19 13:04:17','2011-05-19 13:04:17'),(122,'Chevrolet Corvette Stingray L46 350 (C3) \'69 ',21,'2011-05-19 13:04:17','2011-05-19 13:04:17'),(123,'Chevrolet Corvette Z06 (C2) Race Car \'63 ',21,'2011-05-19 13:04:17','2011-05-19 13:04:17'),(124,'Chevrolet Corvette Z06 (C5) \'00 ',21,'2011-05-19 13:04:17','2011-05-19 13:04:17'),(125,'Chevrolet Corvette Z06 (C5) \'04 ',21,'2011-05-19 13:04:17','2011-05-19 13:04:17'),(126,'Chevrolet Corvette Z06 (C6) \'06 ',21,'2011-05-19 13:04:17','2011-05-19 13:04:17'),(127,'Chevrolet Corvette Z06 (C6)(Racing Modification)\'06 ',21,'2011-05-19 13:04:17','2011-05-19 13:04:17'),(128,'Chevrolet Corvette ZR-1 (C4) \'90 ',21,'2011-05-19 13:04:17','2011-05-19 13:04:17'),(129,'Chevrolet Corvette ZR1 (C6) \'09 ',21,'2011-05-19 13:04:17','2011-05-19 13:04:17'),(130,'Chevrolet Corvette ZR1 (C6)(Racing Modification)\'09 ',21,'2011-05-19 13:04:17','2011-05-19 13:04:17'),(131,'Chevrolet Silverado SST Concept \'02 ',21,'2011-05-19 13:04:17','2011-05-19 13:04:17'),(132,'Chevrolet SSR \'03 ',21,'2011-05-19 13:04:17','2011-05-19 13:04:17'),(133,'Chrysler 300C \'05 ',22,'2011-05-19 13:04:17','2011-05-19 13:04:17'),(134,'Chrysler Crossfire \'04 ',22,'2011-05-19 13:04:17','2011-05-19 13:04:17'),(135,'Chrysler Prowler \'02 ',22,'2011-05-19 13:04:17','2011-05-19 13:04:17'),(136,'Chrysler PT Cruiser \'00 ',22,'2011-05-19 13:04:17','2011-05-19 13:04:17'),(137,'Citroën 2CV Type A \'54 ',23,'2011-05-19 13:04:17','2011-05-19 13:04:17'),(138,'Citroën C3 1.6 \'02 ',23,'2011-05-19 13:04:17','2011-05-19 13:04:17'),(139,'Citroën C4 Coupe 2.0VTS \'05 ',23,'2011-05-19 13:04:17','2011-05-19 13:04:17'),(140,'Citroën C5 V6 Exclusive \'03 ',23,'2011-05-19 13:04:17','2011-05-19 13:04:17'),(141,'Citroën Citroën C4 WRC \'08 ',23,'2011-05-19 13:04:17','2011-05-19 13:04:17'),(142,'Citroën GT by Citroën Concept \'08 ',23,'2011-05-19 13:04:17','2011-05-19 13:04:17'),(143,'Citroën GT by Citroën Race Car ',23,'2011-05-19 13:04:17','2011-05-19 13:04:17'),(144,'Citroën GT by Citroën Road Car ',23,'2011-05-19 13:04:17','2011-05-19 13:04:17'),(145,'Citroën Xantia 3.0i V6 Exclusive \'00 ',23,'2011-05-19 13:04:17','2011-05-19 13:04:17'),(146,'Citroën Xsara Rally Car \'99 ',23,'2011-05-19 13:04:17','2011-05-19 13:04:17'),(147,'Citroën Xsara VTR \'03 ',23,'2011-05-19 13:04:17','2011-05-19 13:04:17'),(148,'Cizeta V16T \'94 ',24,'2011-05-19 13:04:17','2011-05-19 13:04:17'),(149,'Daihatsu Copen Active Top \'02 ',25,'2011-05-19 13:04:17','2011-05-19 13:04:17'),(150,'Daihatsu Copen Detachable Top \'02 ',25,'2011-05-19 13:04:17','2011-05-19 13:04:17'),(151,'Daihatsu Cuore TR-XX Avanzato R (J) \'97 ',25,'2011-05-19 13:04:17','2011-05-19 13:04:17'),(152,'Daihatsu Midget II D type \'98 ',25,'2011-05-19 13:04:17','2011-05-19 13:04:17'),(153,'Daihatsu MIRA TR-XX Avanzato R \'97 ',25,'2011-05-19 13:04:17','2011-05-19 13:04:17'),(154,'Daihatsu MOVE Custom RS Limited \'02 ',25,'2011-05-19 13:04:17','2011-05-19 13:04:17'),(155,'Daihatsu MOVE CX \'95 ',25,'2011-05-19 13:04:17','2011-05-19 13:04:17'),(156,'Daihatsu MOVE SR-XX 2WD \'97 ',25,'2011-05-19 13:04:17','2011-05-19 13:04:17'),(157,'Daihatsu MOVE SR-XX 4WD \'97 ',25,'2011-05-19 13:04:17','2011-05-19 13:04:17'),(158,'Daihatsu OFC-1 Concept \'07 ',25,'2011-05-19 13:04:17','2011-05-19 13:04:17'),(159,'Daihatsu SIRION CX 2WD (J) \'98 ',25,'2011-05-19 13:04:17','2011-05-19 13:04:17'),(160,'Daihatsu SIRION CX 4WD (J) \'98 ',25,'2011-05-19 13:04:17','2011-05-19 13:04:17'),(161,'Daihatsu SIRION X4 (J) \'00 ',25,'2011-05-19 13:04:17','2011-05-19 13:04:17'),(162,'Daihatsu STORIA CX 2WD \'98 ',25,'2011-05-19 13:04:17','2011-05-19 13:04:17'),(163,'Daihatsu STORIA CX 4WD \'98 ',25,'2011-05-19 13:04:17','2011-05-19 13:04:17'),(164,'Daihatsu STORIA X4 \'00 ',25,'2011-05-19 13:04:17','2011-05-19 13:04:17'),(165,'DMC DeLorean S2 \'04 ',26,'2011-05-19 13:04:18','2011-05-19 13:04:18'),(166,'Dodge Challenger R/T \'70 ',27,'2011-05-19 13:04:18','2011-05-19 13:04:18'),(167,'Dodge Challenger R/T (Racing Modification)\'70 ',27,'2011-05-19 13:04:18','2011-05-19 13:04:18'),(168,'Dodge Challenger SRT8 \'08 ',27,'2011-05-19 13:04:18','2011-05-19 13:04:18'),(169,'Dodge Charger 440 R/T \'70 ',27,'2011-05-19 13:04:18','2011-05-19 13:04:18'),(170,'Dodge Charger Super Bee 426 Hemi \'71 ',27,'2011-05-19 13:04:18','2011-05-19 13:04:18'),(171,'Dodge RAM 1500 LARAMIE Hemi Quad Cab \'04 ',27,'2011-05-19 13:04:18','2011-05-19 13:04:18'),(172,'Dodge SRT4 \'03 ',27,'2011-05-19 13:04:18','2011-05-19 13:04:18'),(173,'Dodge Viper GTS \'99 ',27,'2011-05-19 13:04:18','2011-05-19 13:04:18'),(174,'Dodge Viper GTS \'02 ',27,'2011-05-19 13:04:18','2011-05-19 13:04:18'),(175,'Dodge Viper GTS R Concept \'00 ',27,'2011-05-19 13:04:18','2011-05-19 13:04:18'),(176,'Dodge Viper GTS-R Team Oreca Race Car #51 \'00 ',27,'2011-05-19 13:04:18','2011-05-19 13:04:18'),(177,'Dodge Viper GTS-R Team Oreca Race Car #91 \'00 ',27,'2011-05-19 13:04:18','2011-05-19 13:04:18'),(178,'Dodge Viper SRT10 \'03 ',27,'2011-05-19 13:04:18','2011-05-19 13:04:18'),(179,'Dodge Viper SRT10 ACR \'08 ',27,'2011-05-19 13:04:18','2011-05-19 13:04:18'),(180,'Dodge Viper SRT10 Coupe \'06 ',27,'2011-05-19 13:04:18','2011-05-19 13:04:18'),(181,'Dome DOME-ZERO Concept \'78 ',28,'2011-05-19 13:04:18','2011-05-19 13:04:18'),(182,'Eagle Talon Esi \'97 ',29,'2011-05-19 13:04:18','2011-05-19 13:04:18'),(183,'Ferrari 330 P4 Race Car \'67 ',30,'2011-05-19 13:04:18','2011-05-19 13:04:18'),(184,'Ferrari 430 Scuderia \'07 ',30,'2011-05-19 13:04:18','2011-05-19 13:04:18'),(185,'Ferrari 458 Italia \'09 ',30,'2011-05-19 13:04:18','2011-05-19 13:04:18'),(186,'Ferrari 512BB \'76 ',30,'2011-05-19 13:04:18','2011-05-19 13:04:18'),(187,'Ferrari 599 \'06 ',30,'2011-05-19 13:04:18','2011-05-19 13:04:18'),(188,'Ferrari California \'08 ',30,'2011-05-19 13:04:18','2011-05-19 13:04:18'),(189,'Ferrari Enzo Ferrari \'02 ',30,'2011-05-19 13:04:18','2011-05-19 13:04:18'),(190,'Ferrari F10 \'10 ',30,'2011-05-19 13:04:18','2011-05-19 13:04:18'),(191,'Ferrari F40 \'92 ',30,'2011-05-19 13:04:18','2011-05-19 13:04:18'),(192,'Ferrari F430 \'06 ',30,'2011-05-19 13:04:18','2011-05-19 13:04:18'),(193,'Ferrari F2007 ',30,'2011-05-19 13:04:18','2011-05-19 13:04:18'),(194,'Ferrari SP1 \'08 ',30,'2011-05-19 13:04:18','2011-05-19 13:04:18'),(195,'Fiat 500 1.2 8V Lounge SS \'08 ',31,'2011-05-19 13:04:18','2011-05-19 13:04:18'),(196,'Fiat 500 F \'65 ',31,'2011-05-19 13:04:18','2011-05-19 13:04:18'),(197,'Fiat 500 F \'68 ',31,'2011-05-19 13:04:18','2011-05-19 13:04:18'),(198,'Fiat 500 L \'69 ',31,'2011-05-19 13:04:18','2011-05-19 13:04:18'),(199,'Fiat 500 R \'72 ',31,'2011-05-19 13:04:18','2011-05-19 13:04:18'),(200,'Fiat Barchetta Giovane Due \'00 ',31,'2011-05-19 13:04:18','2011-05-19 13:04:18'),(201,'Fiat Coupe Turbo Plus \'00 ',31,'2011-05-19 13:04:18','2011-05-19 13:04:18'),(202,'Fiat Panda Super i.e. \'90 ',31,'2011-05-19 13:04:18','2011-05-19 13:04:18'),(203,'Fiat Punto HGT Abarth \'00 ',31,'2011-05-19 13:04:18','2011-05-19 13:04:18'),(204,'Ford AU 2000 Ford Falcon XR8 \'00 ',32,'2011-05-19 13:04:18','2011-05-19 13:04:18'),(205,'Ford 2010 AJ Allmendinger #43 Best Buy FORD FUSION \'10 ',32,'2011-05-19 13:04:18','2011-05-19 13:04:18'),(206,'Ford 2010 Carl Edwards #99 Aflac FORD FUSION \'10 ',32,'2011-05-19 13:04:18','2011-05-19 13:04:18'),(207,'Ford Escort Rally Car \'98 ',32,'2011-05-19 13:04:18','2011-05-19 13:04:18'),(208,'Ford Focus Rally Car \'99 ',32,'2011-05-19 13:04:18','2011-05-19 13:04:18'),(209,'Ford Focus RS \'02 ',32,'2011-05-19 13:04:18','2011-05-19 13:04:18'),(210,'Ford Focus RS WRC 07 \'08 ',32,'2011-05-19 13:04:18','2011-05-19 13:04:18'),(211,'Ford Focus ST \'06 ',32,'2011-05-19 13:04:18','2011-05-19 13:04:18'),(212,'Ford Focus ST170 \'03 ',32,'2011-05-19 13:04:18','2011-05-19 13:04:18'),(213,'Ford Ford GT \'02 ',32,'2011-05-19 13:04:18','2011-05-19 13:04:18'),(214,'Ford Ford GT \'05 ',32,'2011-05-19 13:04:18','2011-05-19 13:04:18'),(215,'Ford Ford GT \'06 ',32,'2011-05-19 13:04:18','2011-05-19 13:04:18'),(216,'Ford Ford GT LM Race Car ',32,'2011-05-19 13:04:18','2011-05-19 13:04:18'),(217,'Ford Ford GT LM Race Car Spec II ',32,'2011-05-19 13:04:18','2011-05-19 13:04:18'),(218,'Ford Ford GT LM Spec II Test Car ',32,'2011-05-19 13:04:18','2011-05-19 13:04:18'),(219,'Ford GT40 Race Car \'69 ',32,'2011-05-19 13:04:18','2011-05-19 13:04:18'),(220,'Ford Ka \'01 ',32,'2011-05-19 13:04:18','2011-05-19 13:04:18'),(221,'Ford Mark IV Race Car \'67 ',32,'2011-05-19 13:04:18','2011-05-19 13:04:18'),(222,'Ford Mustang GT \'05 ',32,'2011-05-19 13:04:18','2011-05-19 13:04:18'),(223,'Ford Mustang Mach 1 \'71 ',32,'2011-05-19 13:04:18','2011-05-19 13:04:18'),(224,'Ford Mustang SVT Cobra R \'00 ',32,'2011-05-19 13:04:18','2011-05-19 13:04:18'),(225,'Ford Mustang V8 GT Coupe Premium \'07 ',32,'2011-05-19 13:04:18','2011-05-19 13:04:18'),(226,'Ford RS200 \'84 ',32,'2011-05-19 13:04:18','2011-05-19 13:04:18'),(227,'Ford RS200 Rally Car \'85 ',32,'2011-05-19 13:04:18','2011-05-19 13:04:18'),(228,'Ford SVT F-150 Lightning \'03 ',32,'2011-05-19 13:04:18','2011-05-19 13:04:18'),(229,'Ford Taurus SHO \'98 ',32,'2011-05-19 13:04:18','2011-05-19 13:04:18'),(230,'Gillet Vertigo Race Car \'04 ',33,'2011-05-19 13:04:18','2011-05-19 13:04:18'),(231,'Ginetta G4 \'64 ',34,'2011-05-19 13:04:18','2011-05-19 13:04:18'),(232,'Gran Turismo 350Z RS ',35,'2011-05-19 13:04:18','2011-05-19 13:04:18'),(233,'Gran Turismo Formula Gran Turismo ',35,'2011-05-19 13:04:18','2011-05-19 13:04:18'),(234,'Gran Turismo PDI RACING KART 100 ',35,'2011-05-19 13:04:18','2011-05-19 13:04:18'),(235,'Gran Turismo Red Bull X2010 \'10 ',35,'2011-05-19 13:04:18','2011-05-19 13:04:18'),(236,'Grand Touring Garage 1970 Ford Mustang Trans-Cammer (SEMA Gran Turismo Awards 2009) ',36,'2011-05-19 13:04:18','2011-05-19 13:04:18'),(237,'High End Performance G37 (SEMA Gran Turismo Awards 2008) ',37,'2011-05-19 13:04:18','2011-05-19 13:04:18'),(238,'HKS CT230R \'08 ',38,'2011-05-19 13:04:18','2011-05-19 13:04:18'),(239,'HKS GENKI HYPER SILVIA RS2 (D1GP) \'04 ',38,'2011-05-19 13:04:18','2011-05-19 13:04:18'),(240,'Holden Commodore SS \'04 ',39,'2011-05-19 13:04:18','2011-05-19 13:04:18'),(241,'Holden Monaro CV8 \'04 ',39,'2011-05-19 13:04:18','2011-05-19 13:04:18'),(242,'Hommell Berlinette R/S Coupe \'99 ',40,'2011-05-19 13:04:18','2011-05-19 13:04:18'),(243,'Honda 1300 Coupe 9 S \'70 ',41,'2011-05-19 13:04:18','2011-05-19 13:04:18'),(244,'Honda ACCORD Coupe \'88 ',41,'2011-05-19 13:04:18','2011-05-19 13:04:18'),(245,'Honda ACCORD Coupe EX \'03 ',41,'2011-05-19 13:04:18','2011-05-19 13:04:18'),(246,'Honda ACCORD Euro-R \'00 ',41,'2011-05-19 13:04:18','2011-05-19 13:04:18'),(247,'Honda ACCORD Euro-R \'02 ',41,'2011-05-19 13:04:18','2011-05-19 13:04:18'),(248,'Honda ARTA NSX (JGTC) \'00 ',41,'2011-05-19 13:04:18','2011-05-19 13:04:18'),(249,'Honda ARTA NSX (SUPER GT) \'06 ',41,'2011-05-19 13:04:18','2011-05-19 13:04:18'),(250,'Honda BALLADE SPORTS CR-X 1.5i \'83 ',41,'2011-05-19 13:04:18','2011-05-19 13:04:18'),(251,'Honda BEAT \'91 ',41,'2011-05-19 13:04:18','2011-05-19 13:04:18'),(252,'Honda BEAT Version F \'92 ',41,'2011-05-19 13:04:18','2011-05-19 13:04:18'),(253,'Honda BEAT Version Z \'93 ',41,'2011-05-19 13:04:18','2011-05-19 13:04:18'),(254,'Honda Castrol MUGEN NSX (JGTC) \'00 ',41,'2011-05-19 13:04:18','2011-05-19 13:04:18'),(255,'Honda CITY Turbo II \'83 ',41,'2011-05-19 13:04:18','2011-05-19 13:04:18'),(256,'Honda CIVIC 1500 3door 25i \'83 ',41,'2011-05-19 13:04:18','2011-05-19 13:04:18'),(257,'Honda CIVIC 1500 3door CX \'79 ',41,'2011-05-19 13:04:18','2011-05-19 13:04:18'),(258,'Honda CIVIC SiR-II (EG) \'91 ',41,'2011-05-19 13:04:18','2011-05-19 13:04:18'),(259,'Honda CIVIC SiR-II (EG) \'92 ',41,'2011-05-19 13:04:18','2011-05-19 13:04:18'),(260,'Honda CIVIC SiR-II (EG) \'93 ',41,'2011-05-19 13:04:18','2011-05-19 13:04:18'),(261,'Honda CIVIC SiR-II (EG) \'95 ',41,'2011-05-19 13:04:18','2011-05-19 13:04:18'),(262,'Honda CIVIC TYPE R \'08 ',41,'2011-05-19 13:04:18','2011-05-19 13:04:18'),(263,'Honda CIVIC TYPE R (EK) \'97 ',41,'2011-05-19 13:04:18','2011-05-19 13:04:18'),(264,'Honda CIVIC TYPE R (EK) (Racing Modification)\'97 ',41,'2011-05-19 13:04:18','2011-05-19 13:04:18'),(265,'Honda CIVIC TYPE R (EK) \'98 ',41,'2011-05-19 13:04:18','2011-05-19 13:04:18'),(266,'Honda CIVIC TYPE R (EP) \'01 ',41,'2011-05-19 13:04:18','2011-05-19 13:04:18'),(267,'Honda CIVIC TYPE R (EP) \'04 ',41,'2011-05-19 13:04:18','2011-05-19 13:04:18'),(268,'Honda CIVIC TYPE R (EP, EU) \'01 ',41,'2011-05-19 13:04:18','2011-05-19 13:04:18'),(269,'Honda CR-X del Sol SiR \'92 ',41,'2011-05-19 13:04:18','2011-05-19 13:04:18'),(270,'Honda CR-X SiR \'90 ',41,'2011-05-19 13:04:18','2011-05-19 13:04:18'),(271,'Honda CR-Z α \'10 ',41,'2011-05-19 13:04:18','2011-05-19 13:04:18'),(272,'Honda DUALNOTE Concept \'01 ',41,'2011-05-19 13:04:18','2011-05-19 13:04:18'),(273,'Honda ELEMENT \'03 ',41,'2011-05-19 13:04:18','2011-05-19 13:04:18'),(274,'Honda EPSON NSX (SUPER GT) \'08 ',41,'2011-05-19 13:04:18','2011-05-19 13:04:18'),(275,'Honda FIT W \'01 ',41,'2011-05-19 13:04:18','2011-05-19 13:04:18'),(276,'Honda Gathers Drider CIVIC Race Car \'98 ',41,'2011-05-19 13:04:18','2011-05-19 13:04:18'),(277,'Honda HSC \"The 37th Tokyo Motor Show Concept Car\" \'03 ',41,'2011-05-19 13:04:18','2011-05-19 13:04:18'),(278,'Honda INSIGHT \'99 ',41,'2011-05-19 13:04:18','2011-05-19 13:04:18'),(279,'Honda INSIGHT LS \'09 ',41,'2011-05-19 13:04:18','2011-05-19 13:04:18'),(280,'Honda INTEGRA TYPE R (DC2) \'95 ',41,'2011-05-19 13:04:18','2011-05-19 13:04:18'),(281,'Honda INTEGRA TYPE R (DC2) \'98 ',41,'2011-05-19 13:04:18','2011-05-19 13:04:18'),(282,'Honda INTEGRA TYPE R (DC2) \'99 ',41,'2011-05-19 13:04:18','2011-05-19 13:04:18'),(283,'Honda INTEGRA TYPE R (DC5) \'03 ',41,'2011-05-19 13:04:18','2011-05-19 13:04:18'),(284,'Honda INTEGRA TYPE R (DC5) \'04 ',41,'2011-05-19 13:04:18','2011-05-19 13:04:18'),(285,'Honda INTEGRA TYPE R (DC5) (Racing Modification) \'04 ',41,'2011-05-19 13:04:18','2011-05-19 13:04:18'),(286,'Honda INTEGRA TYPE R Touring Car ',41,'2011-05-19 13:04:18','2011-05-19 13:04:18'),(287,'Honda JAZZ 1.4 DSi SE Sport \'01 ',41,'2011-05-19 13:04:18','2011-05-19 13:04:18'),(288,'Honda LIFE STEP VAN \'72 ',41,'2011-05-19 13:04:18','2011-05-19 13:04:18'),(289,'Honda LOCTITE MUGEN NSX (JGTC) \'01 ',41,'2011-05-19 13:04:18','2011-05-19 13:04:18'),(290,'Honda Mobil 1 NSX (JGTC) \'01 ',41,'2011-05-19 13:04:18','2011-05-19 13:04:18'),(291,'Honda MUGEN MOTUL CIVIC Si Race Car \'87 ',41,'2011-05-19 13:04:18','2011-05-19 13:04:18'),(292,'Honda N360 \'67 ',41,'2011-05-19 13:04:18','2011-05-19 13:04:18'),(293,'Honda NSX \'90 ',41,'2011-05-19 13:04:18','2011-05-19 13:04:18'),(294,'Honda NSX \'93 ',41,'2011-05-19 13:04:18','2011-05-19 13:04:18'),(295,'Honda NSX \'95 ',41,'2011-05-19 13:04:18','2011-05-19 13:04:18'),(296,'Honda NSX \'97 ',41,'2011-05-19 13:04:18','2011-05-19 13:04:18'),(297,'Honda NSX \'99 ',41,'2011-05-19 13:04:18','2011-05-19 13:04:18'),(298,'Honda NSX \'01 ',41,'2011-05-19 13:04:18','2011-05-19 13:04:18'),(299,'Honda NSX Type R \'92 ',41,'2011-05-19 13:04:18','2011-05-19 13:04:18'),(300,'Honda NSX Type R \'02 ',41,'2011-05-19 13:04:18','2011-05-19 13:04:18'),(301,'Honda NSX Type S \'97 ',41,'2011-05-19 13:04:18','2011-05-19 13:04:18'),(302,'Honda NSX Type S \'99 ',41,'2011-05-19 13:04:18','2011-05-19 13:04:18'),(303,'Honda NSX Type S \'01 ',41,'2011-05-19 13:04:18','2011-05-19 13:04:18'),(304,'Honda NSX Type S Zero \'97 ',41,'2011-05-19 13:04:18','2011-05-19 13:04:18'),(305,'Honda NSX Type S Zero \'99 ',41,'2011-05-19 13:04:18','2011-05-19 13:04:18'),(306,'Honda NSX-R Concept \'01 ',41,'2011-05-19 13:04:18','2011-05-19 13:04:18'),(307,'Honda NSX-R Prototype LM Race Car ',41,'2011-05-19 13:04:18','2011-05-19 13:04:18'),(308,'Honda NSX-R Prototype LM Road Car ',41,'2011-05-19 13:04:18','2011-05-19 13:04:18'),(309,'Honda ODYSSEY \'03 ',41,'2011-05-19 13:04:18','2011-05-19 13:04:18'),(310,'Honda PRELUDE Si VTEC \'91 ',41,'2011-05-19 13:04:18','2011-05-19 13:04:18'),(311,'Honda PRELUDE SiR \'96 ',41,'2011-05-19 13:04:18','2011-05-19 13:04:18'),(312,'Honda PRELUDE SiR S spec \'98 ',41,'2011-05-19 13:04:18','2011-05-19 13:04:18'),(313,'Honda PRELUDE Type S \'96 ',41,'2011-05-19 13:04:18','2011-05-19 13:04:18'),(314,'Honda PRELUDE Type S \'98 ',41,'2011-05-19 13:04:18','2011-05-19 13:04:18'),(315,'Honda RAYBRIG NSX (JGTC) \'00 ',41,'2011-05-19 13:04:18','2011-05-19 13:04:18'),(316,'Honda RAYBRIG NSX (SUPER GT) \'06 ',41,'2011-05-19 13:04:18','2011-05-19 13:04:18'),(317,'Honda S500 \'63 ',41,'2011-05-19 13:04:18','2011-05-19 13:04:18'),(318,'Honda S600 \'64 ',41,'2011-05-19 13:04:18','2011-05-19 13:04:18'),(319,'Honda S800 \'66 ',41,'2011-05-19 13:04:18','2011-05-19 13:04:18'),(320,'Honda S800 RSC Race Car \'68 ',41,'2011-05-19 13:04:18','2011-05-19 13:04:18'),(321,'Honda S2000 \'99 ',41,'2011-05-19 13:04:18','2011-05-19 13:04:18'),(322,'Honda S2000 \'01 ',41,'2011-05-19 13:04:18','2011-05-19 13:04:18'),(323,'Honda S2000 \'03 ',41,'2011-05-19 13:04:18','2011-05-19 13:04:18'),(324,'Honda S2000 \'06 ',41,'2011-05-19 13:04:18','2011-05-19 13:04:18'),(325,'Honda S2000 (EU) \'99 ',41,'2011-05-19 13:04:18','2011-05-19 13:04:18'),(326,'Honda S2000 (EU) \'01 ',41,'2011-05-19 13:04:18','2011-05-19 13:04:18'),(327,'Honda S2000 (EU) \'03 ',41,'2011-05-19 13:04:18','2011-05-19 13:04:18'),(328,'Honda S2000 (US) \'99 ',41,'2011-05-19 13:04:18','2011-05-19 13:04:18'),(329,'Honda S2000 (US) \'01 ',41,'2011-05-19 13:04:18','2011-05-19 13:04:18'),(330,'Honda S2000 (US) \'04 ',41,'2011-05-19 13:04:18','2011-05-19 13:04:18'),(331,'Honda S2000 LM Race Car ',41,'2011-05-19 13:04:18','2011-05-19 13:04:18'),(332,'Honda S2000 Type V \'00 ',41,'2011-05-19 13:04:18','2011-05-19 13:04:18'),(333,'Honda S2000 Type V \'01 ',41,'2011-05-19 13:04:18','2011-05-19 13:04:18'),(334,'Honda S2000 Type V \'03 ',41,'2011-05-19 13:04:18','2011-05-19 13:04:18'),(335,'Honda S2000 Type V (EU) \'00 ',41,'2011-05-19 13:04:18','2011-05-19 13:04:18'),(336,'Honda S2000 Type V (EU) \'01 ',41,'2011-05-19 13:04:18','2011-05-19 13:04:18'),(337,'Honda S2000 Type V (US) \'00 ',41,'2011-05-19 13:04:18','2011-05-19 13:04:18'),(338,'Honda S2000 Type V (US) \'01 ',41,'2011-05-19 13:04:18','2011-05-19 13:04:18'),(339,'Honda TAKATA DOME NSX (JGTC) \'03 ',41,'2011-05-19 13:04:18','2011-05-19 13:04:18'),(340,'Honda TAKATA DOME NSX (SUPER GT) \'06 ',41,'2011-05-19 13:04:18','2011-05-19 13:04:18'),(341,'Honda TODAY G \'85 ',41,'2011-05-19 13:04:18','2011-05-19 13:04:18'),(342,'Honda Z ACT \'70 ',41,'2011-05-19 13:04:18','2011-05-19 13:04:18'),(343,'HPA Motorsports FT565 twin turbo Audi TT (SEMA Gran Turismo Awards 2007) ',42,'2011-05-19 13:04:18','2011-05-19 13:04:18'),(344,'HPA Motorsports Stage II R32 (SEMA Gran Turismo Awards 2004) ',42,'2011-05-19 13:04:18','2011-05-19 13:04:18'),(345,'Hyundai Clix Concept \'01 ',43,'2011-05-19 13:04:18','2011-05-19 13:04:18'),(346,'Hyundai Coupe FX \'01 ',43,'2011-05-19 13:04:18','2011-05-19 13:04:18'),(347,'Hyundai HCD6 Concept \'01 ',43,'2011-05-19 13:04:18','2011-05-19 13:04:18'),(348,'Hyundai Tiburon GT \'01 ',43,'2011-05-19 13:04:18','2011-05-19 13:04:18'),(349,'Hyundai Tiburon Turbulence \'99 ',43,'2011-05-19 13:04:18','2011-05-19 13:04:18'),(350,'Hyundai Tuscani \'01 ',43,'2011-05-19 13:04:18','2011-05-19 13:04:18'),(351,'Hyundai Tuscani CCS \'03 ',43,'2011-05-19 13:04:18','2011-05-19 13:04:18'),(352,'Infiniti Coupe Concept \'06 ',44,'2011-05-19 13:04:18','2011-05-19 13:04:18'),(353,'Infiniti FX45 Concept \'02 ',44,'2011-05-19 13:04:18','2011-05-19 13:04:18'),(354,'Infiniti G20 \'90 ',44,'2011-05-19 13:04:18','2011-05-19 13:04:18'),(355,'Infiniti G35 COUPE \'03 ',44,'2011-05-19 13:04:18','2011-05-19 13:04:18'),(356,'Infiniti G35 Coupe \'06 ',44,'2011-05-19 13:04:18','2011-05-19 13:04:18'),(357,'Infiniti G35 Sedan \'03 ',44,'2011-05-19 13:04:18','2011-05-19 13:04:18'),(358,'Isuzu 117COUPÉ \'68 ',45,'2011-05-19 13:04:19','2011-05-19 13:04:19'),(359,'Isuzu 4200R Concept \'89 ',45,'2011-05-19 13:04:19','2011-05-19 13:04:19'),(360,'Isuzu Bellett 1600 GT-R \'69 ',45,'2011-05-19 13:04:19','2011-05-19 13:04:19'),(361,'Isuzu PIAZZA XE \'81 ',45,'2011-05-19 13:04:19','2011-05-19 13:04:19'),(362,'Jaguar E-TYPE Coupe \'61 ',46,'2011-05-19 13:04:19','2011-05-19 13:04:19'),(363,'Jaguar S-TYPE R \'02 ',46,'2011-05-19 13:04:19','2011-05-19 13:04:19'),(364,'Jaguar XFR \'10 ',46,'2011-05-19 13:04:19','2011-05-19 13:04:19'),(365,'Jaguar XJ13 Race Car \'66 ',46,'2011-05-19 13:04:19','2011-05-19 13:04:19'),(366,'Jaguar XJ220 \'92 ',46,'2011-05-19 13:04:19','2011-05-19 13:04:19'),(367,'Jaguar XJ220 LM Race Car ',46,'2011-05-19 13:04:19','2011-05-19 13:04:19'),(368,'Jaguar XJR-9 LM Race Car \'88 ',46,'2011-05-19 13:04:19','2011-05-19 13:04:19'),(369,'Jaguar XK Coupe Luxury \'07 ',46,'2011-05-19 13:04:19','2011-05-19 13:04:19'),(370,'Jaguar XKR Coupe \'99 ',46,'2011-05-19 13:04:19','2011-05-19 13:04:19'),(371,'Jaguar XKR Coupe \'10 ',46,'2011-05-19 13:04:19','2011-05-19 13:04:19'),(372,'Jaguar XKR R Performance \'02 ',46,'2011-05-19 13:04:19','2011-05-19 13:04:19'),(373,'Jay Leno Tank Car \'03 ',47,'2011-05-19 13:04:19','2011-05-19 13:04:19'),(374,'Jensen Interceptor MkIII \'74 ',48,'2011-05-19 13:04:19','2011-05-19 13:04:19'),(375,'Lamborghini Countach 25th Anniversary \'88 ',49,'2011-05-19 13:04:19','2011-05-19 13:04:19'),(376,'Lamborghini Countach LP400 \'74 ',49,'2011-05-19 13:04:19','2011-05-19 13:04:19'),(377,'Lamborghini Gallardo LP 560-4 \'08 ',49,'2011-05-19 13:04:19','2011-05-19 13:04:19'),(378,'Lamborghini Miura P400 Bertone Prototype CN0706 \'67(Pebble Beach Concours d\'Elegance Polyhony Digital Trophy \'08)',49,'2011-05-19 13:04:19','2011-05-19 13:04:19'),(379,'Lamborghini Murciélago LP 640 \'09 ',49,'2011-05-19 13:04:19','2011-05-19 13:04:19'),(380,'Lamborghini Murciélago LP 670-4 SuperVeloce \'09 ',49,'2011-05-19 13:04:19','2011-05-19 13:04:19'),(381,'Lamborghini NOMAD Diablo GT-1 (JGTC) \'00 ',49,'2011-05-19 13:04:19','2011-05-19 13:04:19'),(382,'Lancia DELTA HF Integrale Evoluzione \'91 ',50,'2011-05-19 13:04:19','2011-05-19 13:04:19'),(383,'Lancia DELTA HF Integrale Rally Car \'92 ',50,'2011-05-19 13:04:19','2011-05-19 13:04:19'),(384,'Lancia DELTA S4 Rally Car \'85 ',50,'2011-05-19 13:04:19','2011-05-19 13:04:19'),(385,'Lancia STRATOS \'73 ',50,'2011-05-19 13:04:19','2011-05-19 13:04:19'),(386,'Lancia STRATOS Rally Car \'77 ',50,'2011-05-19 13:04:19','2011-05-19 13:04:19'),(387,'Land Rover Range Stormer Concept \'04 ',51,'2011-05-19 13:04:19','2011-05-19 13:04:19'),(388,'Lexus BANDAI DIREZZA SC430 (SUPER GT) \'06 ',52,'2011-05-19 13:04:19','2011-05-19 13:04:19'),(389,'Lexus DENSO DUNLOP SARD SC430 (SUPER GT) \'08 ',52,'2011-05-19 13:04:19','2011-05-19 13:04:19'),(390,'Lexus ENEOS SC430 (SUPER GT) \'08 ',52,'2011-05-19 13:04:19','2011-05-19 13:04:19'),(391,'Lexus GS 300 \'91 ',52,'2011-05-19 13:04:19','2011-05-19 13:04:19'),(392,'Lexus GS 300 \'00 ',52,'2011-05-19 13:04:19','2011-05-19 13:04:19'),(393,'Lexus GS 300 Vertex Edition (J) \'00 ',52,'2011-05-19 13:04:19','2011-05-19 13:04:19'),(394,'Lexus IS 200 \'98 ',52,'2011-05-19 13:04:19','2011-05-19 13:04:19'),(395,'Lexus IS 200 (J) \'98 ',52,'2011-05-19 13:04:19','2011-05-19 13:04:19'),(396,'Lexus IS 200 GT-1 Race Car \'04 ',52,'2011-05-19 13:04:19','2011-05-19 13:04:19'),(397,'Lexus IS 300 Sport Cross \'01 ',52,'2011-05-19 13:04:19','2011-05-19 13:04:19'),(398,'Lexus IS F \'07 ',52,'2011-05-19 13:04:19','2011-05-19 13:04:19'),(399,'Lexus IS F (Racing Modification) \'07 ',52,'2011-05-19 13:04:19','2011-05-19 13:04:19'),(400,'Lexus IS F Racing Concept \'08 ',52,'2011-05-19 13:04:19','2011-05-19 13:04:19'),(401,'Lexus LFA \'10 ',52,'2011-05-19 13:04:19','2011-05-19 13:04:19'),(402,'Lexus PETRONAS TOM\'S SC430 (SUPER GT) \'08 ',52,'2011-05-19 13:04:19','2011-05-19 13:04:19'),(403,'Lexus SC 300 \'97 ',52,'2011-05-19 13:04:19','2011-05-19 13:04:19'),(404,'Lexus SC 430 (EU) \'01 ',52,'2011-05-19 13:04:19','2011-05-19 13:04:19'),(405,'Lexus SC 430 (US) \'01 ',52,'2011-05-19 13:04:19','2011-05-19 13:04:19'),(406,'Lexus Weds Sport IS350 (SUPER GT) \'08 ',52,'2011-05-19 13:04:19','2011-05-19 13:04:19'),(407,'Lister Storm V12 Race Car \'99 ',53,'2011-05-19 13:04:19','2011-05-19 13:04:19'),(408,'Lotus Carlton \'90 ',54,'2011-05-19 13:04:19','2011-05-19 13:04:19'),(409,'Lotus Elan S1 \'62 ',54,'2011-05-19 13:04:19','2011-05-19 13:04:19'),(410,'Lotus Elise \'96 ',54,'2011-05-19 13:04:19','2011-05-19 13:04:19'),(411,'Lotus Elise (Racing Modification) \'96 ',54,'2011-05-19 13:04:19','2011-05-19 13:04:19'),(412,'Lotus Elise \'00 ',54,'2011-05-19 13:04:19','2011-05-19 13:04:19'),(413,'Lotus Elise 111R \'04 ',54,'2011-05-19 13:04:19','2011-05-19 13:04:19'),(414,'Lotus Elise 111R (Racing Modification) \'04 ',54,'2011-05-19 13:04:19','2011-05-19 13:04:19'),(415,'Lotus Elise 111S \'03 ',54,'2011-05-19 13:04:19','2011-05-19 13:04:19'),(416,'Lotus Elise Sport 190 \'98 ',54,'2011-05-19 13:04:19','2011-05-19 13:04:19'),(417,'Lotus Elise Type 72 \'01 ',54,'2011-05-19 13:04:19','2011-05-19 13:04:19'),(418,'Lotus Esprit Sport 350 \'00 ',54,'2011-05-19 13:04:19','2011-05-19 13:04:19'),(419,'Lotus Esprit Turbo HC \'87 ',54,'2011-05-19 13:04:19','2011-05-19 13:04:19'),(420,'Lotus Esprit V8 \'02 ',54,'2011-05-19 13:04:19','2011-05-19 13:04:19'),(421,'Lotus Esprit V8 GT \'98 ',54,'2011-05-19 13:04:19','2011-05-19 13:04:19'),(422,'Lotus Esprit V8 SE \'98 ',54,'2011-05-19 13:04:19','2011-05-19 13:04:19'),(423,'Lotus Europa Special \'71 ',54,'2011-05-19 13:04:19','2011-05-19 13:04:19'),(424,'Lotus Evora \'09 ',54,'2011-05-19 13:04:19','2011-05-19 13:04:19'),(425,'Lotus Motor Sport Elise \'99 ',54,'2011-05-19 13:04:19','2011-05-19 13:04:19'),(426,'Marcos Mini Marcos GT \'70 ',55,'2011-05-19 13:04:19','2011-05-19 13:04:19'),(427,'Maserati GranTurismo S \'08 ',56,'2011-05-19 13:04:19','2011-05-19 13:04:19'),(428,'Mazda 110S (L10A) \'67 ',57,'2011-05-19 13:04:19','2011-05-19 13:04:19'),(429,'Mazda 110S (L10B) \'68 ',57,'2011-05-19 13:04:19','2011-05-19 13:04:19'),(430,'Mazda 323F \'93 ',57,'2011-05-19 13:04:19','2011-05-19 13:04:19'),(431,'Mazda 787B Race car \'91 ',57,'2011-05-19 13:04:19','2011-05-19 13:04:19'),(432,'Mazda Atenza Concept \'01 ',57,'2011-05-19 13:04:19','2011-05-19 13:04:19'),(433,'Mazda Atenza Sport 25Z \'07 ',57,'2011-05-19 13:04:19','2011-05-19 13:04:19'),(434,'Mazda Atenza Sports 23Z \'03 ',57,'2011-05-19 13:04:19','2011-05-19 13:04:19'),(435,'Mazda Atenza Touring Car ',57,'2011-05-19 13:04:19','2011-05-19 13:04:19'),(436,'Mazda Autozam AZ-1 \'92 ',57,'2011-05-19 13:04:19','2011-05-19 13:04:19'),(437,'Mazda Axela 23S \'03 ',57,'2011-05-19 13:04:19','2011-05-19 13:04:19'),(438,'Mazda BP FALKEN RX-7 (D1GP) \'03 ',57,'2011-05-19 13:04:19','2011-05-19 13:04:19'),(439,'Mazda Carol 360 Deluxe \'62 ',57,'2011-05-19 13:04:19','2011-05-19 13:04:19'),(440,'Mazda Cosmo Sport (L10A) \'67 ',57,'2011-05-19 13:04:19','2011-05-19 13:04:19'),(441,'Mazda Cosmo Sport (L10B) \'68 ',57,'2011-05-19 13:04:19','2011-05-19 13:04:19'),(442,'Mazda DEMIO GL-X \'99 ',57,'2011-05-19 13:04:19','2011-05-19 13:04:19'),(443,'Mazda DEMIO SPORT \'03 ',57,'2011-05-19 13:04:19','2011-05-19 13:04:19'),(444,'Mazda éfini RX-7 Type R (FD) \'91 ',57,'2011-05-19 13:04:19','2011-05-19 13:04:19'),(445,'Mazda éfini RX-7 Type R (FD) \'93 ',57,'2011-05-19 13:04:19','2011-05-19 13:04:19'),(446,'Mazda éfini RX-7 Type RS (FD) \'96 ',57,'2011-05-19 13:04:19','2011-05-19 13:04:19'),(447,'Mazda éfini RX-7 Type R-S (FD) \'95 ',57,'2011-05-19 13:04:19','2011-05-19 13:04:19'),(448,'Mazda éfini RX-7 Type RZ (FD) \'92 ',57,'2011-05-19 13:04:19','2011-05-19 13:04:19'),(449,'Mazda éfini RX-7 Type RZ (FD) \'93 ',57,'2011-05-19 13:04:19','2011-05-19 13:04:19'),(450,'Mazda éfini RX-7 Type RZ (FD) \'95 ',57,'2011-05-19 13:04:19','2011-05-19 13:04:19'),(451,'Mazda éfini RX-7 Type RZ (FD) \'96 ',57,'2011-05-19 13:04:19','2011-05-19 13:04:19'),(452,'Mazda Eunos Roadster (NA Special Package) \'89 ',57,'2011-05-19 13:04:19','2011-05-19 13:04:19'),(453,'Mazda Eunos Roadster J-Limited (NA) \'91 ',57,'2011-05-19 13:04:19','2011-05-19 13:04:19'),(454,'Mazda Eunos Roadster J-Limited II (NA) \'93 ',57,'2011-05-19 13:04:19','2011-05-19 13:04:19'),(455,'Mazda Eunos Roadster SR-Limited (NA) \'97 ',57,'2011-05-19 13:04:19','2011-05-19 13:04:19'),(456,'Mazda Eunos Roadster S-Special Type I (NA) \'95 ',57,'2011-05-19 13:04:19','2011-05-19 13:04:19'),(457,'Mazda Eunos Roadster VR-Limited (NA) \'95 ',57,'2011-05-19 13:04:19','2011-05-19 13:04:19'),(458,'Mazda Eunos Roadster V-Special Type II (NA) \'93 ',57,'2011-05-19 13:04:19','2011-05-19 13:04:19'),(459,'Mazda Familia Sedan Sport 20 \'02 ',57,'2011-05-19 13:04:19','2011-05-19 13:04:19'),(460,'Mazda Furai Concept \'08 ',57,'2011-05-19 13:04:19','2011-05-19 13:04:19'),(461,'Mazda KUSABI Concept \'03 ',57,'2011-05-19 13:04:19','2011-05-19 13:04:19'),(462,'Mazda Lantis Coupe 2000 Type R \'93 ',57,'2011-05-19 13:04:19','2011-05-19 13:04:19'),(463,'Mazda Mazda2 \'03 ',57,'2011-05-19 13:04:19','2011-05-19 13:04:19'),(464,'Mazda Mazda6 5-door \'03 ',57,'2011-05-19 13:04:19','2011-05-19 13:04:19'),(465,'Mazda Mazda6 Concept \'01 ',57,'2011-05-19 13:04:19','2011-05-19 13:04:19'),(466,'Mazda Mazda6 Touring Car ',57,'2011-05-19 13:04:19','2011-05-19 13:04:19'),(467,'Mazda Mazdaspeed Atenza \'05 ',57,'2011-05-19 13:04:19','2011-05-19 13:04:19'),(468,'Mazda MX-5 (NA) \'89 ',57,'2011-05-19 13:04:19','2011-05-19 13:04:19'),(469,'Mazda MX-5 1.8 RS (NB, J) \'98 ',57,'2011-05-19 13:04:19','2011-05-19 13:04:19'),(470,'Mazda MX-5 1600 NR-A (NB, J) \'04 ',57,'2011-05-19 13:04:19','2011-05-19 13:04:19'),(471,'Mazda MX-5 1800 RS (NB, J) \'00 ',57,'2011-05-19 13:04:19','2011-05-19 13:04:19'),(472,'Mazda MX-5 1800 RS (NB, J) \'04 ',57,'2011-05-19 13:04:19','2011-05-19 13:04:19'),(473,'Mazda MX-5 J-Limited (NA) \'91 ',57,'2011-05-19 13:04:19','2011-05-19 13:04:19'),(474,'Mazda MX-5 J-Limited II (NA, J) \'93 ',57,'2011-05-19 13:04:19','2011-05-19 13:04:19'),(475,'Mazda MX-5 Miata (NA) \'89 ',57,'2011-05-19 13:04:19','2011-05-19 13:04:19'),(476,'Mazda MX-5 Miata 1.8 RS (NB, J) \'98 ',57,'2011-05-19 13:04:19','2011-05-19 13:04:19'),(477,'Mazda MX-5 Miata 1600 NR-A (NB, J) \'04 ',57,'2011-05-19 13:04:19','2011-05-19 13:04:19'),(478,'Mazda MX-5 Miata 1800 RS (NB, J) \'00 ',57,'2011-05-19 13:04:19','2011-05-19 13:04:19'),(479,'Mazda MX-5 Miata 1800 RS (NB, J) \'04 ',57,'2011-05-19 13:04:19','2011-05-19 13:04:19'),(480,'Mazda MX-5 Miata J-Limited (NA) \'91 ',57,'2011-05-19 13:04:19','2011-05-19 13:04:19'),(481,'Mazda MX-5 Miata J-Limited II (NA, J) \'93 ',57,'2011-05-19 13:04:19','2011-05-19 13:04:19'),(482,'Mazda MX-5 Miata SR-Limited (NA, J) \'97 ',57,'2011-05-19 13:04:19','2011-05-19 13:04:19'),(483,'Mazda MX-5 Miata S-Special Type I (NA, J) \'95 ',57,'2011-05-19 13:04:19','2011-05-19 13:04:19'),(484,'Mazda MX-5 Miata VR-Limited (NA, J) \'95 ',57,'2011-05-19 13:04:19','2011-05-19 13:04:19'),(485,'Mazda MX-5 Miata V-Special Type II (NA, J) \'93 ',57,'2011-05-19 13:04:19','2011-05-19 13:04:19'),(486,'Mazda MX-5 SR-Limited (NA, J) \'97 ',57,'2011-05-19 13:04:19','2011-05-19 13:04:19'),(487,'Mazda MX-5 S-Special Type I (NA, J) \'95 ',57,'2011-05-19 13:04:19','2011-05-19 13:04:19'),(488,'Mazda MX-5 VR-Limited (NA, J) \'95 ',57,'2011-05-19 13:04:19','2011-05-19 13:04:19'),(489,'Mazda MX-5 V-Special Type II (NA, J) \'93 ',57,'2011-05-19 13:04:19','2011-05-19 13:04:19'),(490,'Mazda MX-Crossport Concept \'05 ',57,'2011-05-19 13:04:19','2011-05-19 13:04:19'),(491,'Mazda Protegé \'02 ',57,'2011-05-19 13:04:19','2011-05-19 13:04:19'),(492,'Mazda Roadster 1.8 RS (NB) \'98 ',57,'2011-05-19 13:04:19','2011-05-19 13:04:19'),(493,'Mazda Roadster 1600 NR-A (NB) \'04 ',57,'2011-05-19 13:04:19','2011-05-19 13:04:19'),(494,'Mazda Roadster 1800 RS (NB) \'00 ',57,'2011-05-19 13:04:19','2011-05-19 13:04:19'),(495,'Mazda Roadster 1800 RS (NB) \'04 ',57,'2011-05-19 13:04:19','2011-05-19 13:04:19'),(496,'Mazda Roadster RS (NC) \'07 ',57,'2011-05-19 13:04:19','2011-05-19 13:04:19'),(497,'Mazda RX-7 GT-LIMITED (FC, J) \'85 ',57,'2011-05-19 13:04:19','2011-05-19 13:04:19'),(498,'Mazda RX-7 GT-X (FC) \'90 ',57,'2011-05-19 13:04:19','2011-05-19 13:04:19'),(499,'Mazda RX-7 GT-X (FC, J) \'90 ',57,'2011-05-19 13:04:19','2011-05-19 13:04:19'),(500,'Mazda RX-7 LM Race Car ',57,'2011-05-19 13:04:19','2011-05-19 13:04:19'),(501,'Mazda RX-7 Spirit R Type A (FD) \'02 ',57,'2011-05-19 13:04:19','2011-05-19 13:04:19'),(502,'Mazda RX-7 Type R (FD, J) \'91 ',57,'2011-05-19 13:04:19','2011-05-19 13:04:19'),(503,'Mazda RX-7 Type R (FD, J) \'93 ',57,'2011-05-19 13:04:19','2011-05-19 13:04:19'),(504,'Mazda RX-7 Type R Bathurst R (FD) \'01 ',57,'2011-05-19 13:04:19','2011-05-19 13:04:19'),(505,'Mazda RX-7 Type RS (FD) \'98 ',57,'2011-05-19 13:04:19','2011-05-19 13:04:19'),(506,'Mazda RX-7 Type RS (FD) \'00 ',57,'2011-05-19 13:04:19','2011-05-19 13:04:19'),(507,'Mazda RX-7 Type RS (FD, J) \'96 ',57,'2011-05-19 13:04:19','2011-05-19 13:04:19'),(508,'Mazda RX-7 Type R-S (FD, J) \'95 ',57,'2011-05-19 13:04:19','2011-05-19 13:04:19'),(509,'Mazda RX-7 Type RS-R (FD) \'97 ',57,'2011-05-19 13:04:19','2011-05-19 13:04:19'),(510,'Mazda RX-7 Type RZ (FD) \'00 ',57,'2011-05-19 13:04:19','2011-05-19 13:04:19'),(511,'Mazda RX-7 Type RZ (FD, J) \'92 ',57,'2011-05-19 13:04:19','2011-05-19 13:04:19'),(512,'Mazda RX-7 Type RZ (FD, J) \'93 ',57,'2011-05-19 13:04:19','2011-05-19 13:04:19'),(513,'Mazda RX-7 Type RZ (FD, J) \'95 ',57,'2011-05-19 13:04:19','2011-05-19 13:04:19'),(514,'Mazda RX-7 Type RZ (FD, J) \'96 ',57,'2011-05-19 13:04:19','2011-05-19 13:04:19'),(515,'Mazda RX-8 \'03 ',57,'2011-05-19 13:04:19','2011-05-19 13:04:19'),(516,'Mazda RX-8 Concept (Type-I) \'01 ',57,'2011-05-19 13:04:19','2011-05-19 13:04:19'),(517,'Mazda RX-8 Concept (Type-II) \'01 ',57,'2011-05-19 13:04:19','2011-05-19 13:04:19'),(518,'Mazda RX-8 Concept LM Race Car ',57,'2011-05-19 13:04:19','2011-05-19 13:04:19'),(519,'Mazda RX-8 Type E \'03 ',57,'2011-05-19 13:04:19','2011-05-19 13:04:19'),(520,'Mazda RX-8 Type S \'07 ',57,'2011-05-19 13:04:19','2011-05-19 13:04:19'),(521,'Mazda RX-8 Type S \'03 ',57,'2011-05-19 13:04:19','2011-05-19 13:04:19'),(522,'Mazda SAVANNA RX-7 GT-Limited (FC) \'85 ',57,'2011-05-19 13:04:19','2011-05-19 13:04:19'),(523,'Mazda SAVANNA RX-7 INFINI III (FC) \'90 ',57,'2011-05-19 13:04:19','2011-05-19 13:04:19'),(524,'McLaren F1 \'94 ',58,'2011-05-19 13:04:19','2011-05-19 13:04:19'),(525,'McLaren MP4-12C \'10 ',58,'2011-05-19 13:04:19','2011-05-19 13:04:19'),(526,'Mercedes-Benz 190 E 2.5 - 16 Evolution II \'91 ',59,'2011-05-19 13:04:19','2011-05-19 13:04:19'),(527,'Mercedes-Benz 190 E 2.5 - 16 Evolution II Touring Car \'92 ',59,'2011-05-19 13:04:19','2011-05-19 13:04:19'),(528,'Mercedes-Benz 300 SL Coupe \'54 ',59,'2011-05-19 13:04:19','2011-05-19 13:04:19'),(529,'Mercedes-Benz A 160 Avantgarde \'98 ',59,'2011-05-19 13:04:19','2011-05-19 13:04:19'),(530,'Mercedes-Benz C 63 AMG \'08 ',59,'2011-05-19 13:04:19','2011-05-19 13:04:19'),(531,'Mercedes-Benz CL 600 \'00 ',59,'2011-05-19 13:04:19','2011-05-19 13:04:19'),(532,'Mercedes-Benz CLK 55 AMG \'00 ',59,'2011-05-19 13:04:19','2011-05-19 13:04:19'),(533,'Mercedes-Benz CLK-GTR Race Car \'98 ',59,'2011-05-19 13:04:19','2011-05-19 13:04:19'),(534,'Mercedes-Benz CLK Touring Car \'00 ',59,'2011-05-19 13:04:19','2011-05-19 13:04:19'),(535,'Mercedes-Benz E 55 AMG \'02 ',59,'2011-05-19 13:04:19','2011-05-19 13:04:19'),(536,'Mercedes-Benz Sauber Mercedes C9 Race Car \'89 ',59,'2011-05-19 13:04:19','2011-05-19 13:04:19'),(537,'Mercedes-Benz SL 55 AMG (R230) \'02 ',59,'2011-05-19 13:04:19','2011-05-19 13:04:19'),(538,'Mercedes-Benz SL 65 AMG (R230) \'04 ',59,'2011-05-19 13:04:19','2011-05-19 13:04:19'),(539,'Mercedes-Benz SL 500 (R129) \'98 ',59,'2011-05-19 13:04:19','2011-05-19 13:04:19'),(540,'Mercedes-Benz SL 500 (R230) \'02 ',59,'2011-05-19 13:04:19','2011-05-19 13:04:19'),(541,'Mercedes-Benz SL 600 (R129) \'98 ',59,'2011-05-19 13:04:19','2011-05-19 13:04:19'),(542,'Mercedes-Benz SL 600 (R230) \'04 ',59,'2011-05-19 13:04:19','2011-05-19 13:04:19'),(543,'Mercedes-Benz SLK 230 Kompressor \'98 ',59,'2011-05-19 13:04:19','2011-05-19 13:04:19'),(544,'Mercedes-Benz SLR McLaren \'03 ',59,'2011-05-19 13:04:19','2011-05-19 13:04:19'),(545,'Mercedes-Benz SLR McLaren (19inch Wheel Option) \'09 ',59,'2011-05-19 13:04:19','2011-05-19 13:04:19'),(546,'Mercedes-Benz SLS AMG \'10 ',59,'2011-05-19 13:04:19','2011-05-19 13:04:19'),(547,'Mercury Cougar XR-7 \'67 ',60,'2011-05-19 13:04:19','2011-05-19 13:04:19'),(548,'MG MGF \'97 ',61,'2011-05-19 13:04:19','2011-05-19 13:04:19'),(549,'MG TF160 \'03 ',61,'2011-05-19 13:04:19','2011-05-19 13:04:19'),(550,'Mine\'s BNR34 SKYLINE GT-R N1 base \'06 ',62,'2011-05-19 13:04:19','2011-05-19 13:04:19'),(551,'Mine\'s BNR34 SKYLINE GT-R V･spec N1 base \'00 ',62,'2011-05-19 13:04:19','2011-05-19 13:04:19'),(552,'Mine\'s LANCER EVOLUTION VI \'00 ',62,'2011-05-19 13:04:20','2011-05-19 13:04:20'),(553,'MINI COOPER \'02 ',63,'2011-05-19 13:04:20','2011-05-19 13:04:20'),(554,'MINI Cooper 1.3i \'98 ',63,'2011-05-19 13:04:20','2011-05-19 13:04:20'),(555,'MINI COOPER S \'02 ',63,'2011-05-19 13:04:20','2011-05-19 13:04:20'),(556,'MINI COOPER S \'05 ',63,'2011-05-19 13:04:20','2011-05-19 13:04:20'),(557,'MINI COOPER S \'07 ',63,'2011-05-19 13:04:20','2011-05-19 13:04:20'),(558,'MINI ONE \'02 ',63,'2011-05-19 13:04:20','2011-05-19 13:04:20'),(559,'Mitsubishi 3000GT 　MR (J) \'95 ',64,'2011-05-19 13:04:20','2011-05-19 13:04:20'),(560,'Mitsubishi 3000GT 　MR (J) \'98 ',64,'2011-05-19 13:04:20','2011-05-19 13:04:20'),(561,'Mitsubishi 3000GT 　SL (J) \'95 ',64,'2011-05-19 13:04:20','2011-05-19 13:04:20'),(562,'Mitsubishi 3000GT 　SL (J) \'96 ',64,'2011-05-19 13:04:20','2011-05-19 13:04:20'),(563,'Mitsubishi 3000GT 　SL (J) \'98 ',64,'2011-05-19 13:04:20','2011-05-19 13:04:20'),(564,'Mitsubishi 3000GT 　SR (J) \'95 ',64,'2011-05-19 13:04:20','2011-05-19 13:04:20'),(565,'Mitsubishi 3000GT 　SR (J) \'96 ',64,'2011-05-19 13:04:20','2011-05-19 13:04:20'),(566,'Mitsubishi 3000GT 　SR (J) \'98 ',64,'2011-05-19 13:04:20','2011-05-19 13:04:20'),(567,'Mitsubishi 3000GT 　VR-4 (J) \'98 ',64,'2011-05-19 13:04:20','2011-05-19 13:04:20'),(568,'Mitsubishi 3000GT 　VR-4 Turbo (J) \'95 ',64,'2011-05-19 13:04:20','2011-05-19 13:04:20'),(569,'Mitsubishi 3000GT 　VR-4 Turbo (J) \'96 ',64,'2011-05-19 13:04:20','2011-05-19 13:04:20'),(570,'Mitsubishi 3000GT 　VR-4 Turbo (J) \'98 ',64,'2011-05-19 13:04:20','2011-05-19 13:04:20'),(571,'Mitsubishi AIRTREK 　Turbo-R \'02 ',64,'2011-05-19 13:04:20','2011-05-19 13:04:20'),(572,'Mitsubishi COLT 　1.5 Sport X Version \'02 ',64,'2011-05-19 13:04:20','2011-05-19 13:04:20'),(573,'Mitsubishi CZ-3 　Tarmac \'01 ',64,'2011-05-19 13:04:20','2011-05-19 13:04:20'),(574,'Mitsubishi CZ-3 　Tarmac Rally Car ',64,'2011-05-19 13:04:20','2011-05-19 13:04:20'),(575,'Mitsubishi ECLIPSE 　GT \'95 ',64,'2011-05-19 13:04:20','2011-05-19 13:04:20'),(576,'Mitsubishi ECLIPSE 　GT \'06 ',64,'2011-05-19 13:04:20','2011-05-19 13:04:20'),(577,'Mitsubishi ECLIPSE 　Spyder GTS \'03 ',64,'2011-05-19 13:04:20','2011-05-19 13:04:20'),(578,'Mitsubishi FTO 　GP Version R \'97 ',64,'2011-05-19 13:04:20','2011-05-19 13:04:20'),(579,'Mitsubishi FTO 　GP Version R \'99 ',64,'2011-05-19 13:04:20','2011-05-19 13:04:20'),(580,'Mitsubishi FTO 　GPX \'94 ',64,'2011-05-19 13:04:20','2011-05-19 13:04:20'),(581,'Mitsubishi FTO 　GPX \'97 ',64,'2011-05-19 13:04:20','2011-05-19 13:04:20'),(582,'Mitsubishi FTO 　GPX \'99 ',64,'2011-05-19 13:04:20','2011-05-19 13:04:20'),(583,'Mitsubishi FTO 　GR \'94 ',64,'2011-05-19 13:04:20','2011-05-19 13:04:20'),(584,'Mitsubishi FTO 　GR \'97 ',64,'2011-05-19 13:04:20','2011-05-19 13:04:20'),(585,'Mitsubishi FTO 　Super Touring Car ',64,'2011-05-19 13:04:20','2011-05-19 13:04:20'),(586,'Mitsubishi GALANT 　2.0 DOHC Turbo VR-4 \'89 ',64,'2011-05-19 13:04:20','2011-05-19 13:04:20'),(587,'Mitsubishi GALANT 　GTO MR \'70 ',64,'2011-05-19 13:04:20','2011-05-19 13:04:20'),(588,'Mitsubishi GTO 　SR \'95 ',64,'2011-05-19 13:04:20','2011-05-19 13:04:20'),(589,'Mitsubishi GTO 　SR \'96 ',64,'2011-05-19 13:04:20','2011-05-19 13:04:20'),(590,'Mitsubishi GTO 　SR \'98 ',64,'2011-05-19 13:04:20','2011-05-19 13:04:20'),(591,'Mitsubishi GTO 　Twin Turbo \'95 ',64,'2011-05-19 13:04:20','2011-05-19 13:04:20'),(592,'Mitsubishi GTO 　Twin Turbo \'96 ',64,'2011-05-19 13:04:20','2011-05-19 13:04:20'),(593,'Mitsubishi GTO 　Twin Turbo \'98 ',64,'2011-05-19 13:04:20','2011-05-19 13:04:20'),(594,'Mitsubishi GTO 　Twin Turbo MR \'95 ',64,'2011-05-19 13:04:20','2011-05-19 13:04:20'),(595,'Mitsubishi GTO 　Twin Turbo MR \'98 ',64,'2011-05-19 13:04:20','2011-05-19 13:04:20'),(596,'Mitsubishi HSR-II 　Concept \'89 ',64,'2011-05-19 13:04:20','2011-05-19 13:04:20'),(597,'Mitsubishi i 　Concept \'03 ',64,'2011-05-19 13:04:20','2011-05-19 13:04:20'),(598,'Mitsubishi i-MiEV \'09 ',64,'2011-05-19 13:04:20','2011-05-19 13:04:20'),(599,'Mitsubishi Lancer 　1600 GSR \'74 ',64,'2011-05-19 13:04:20','2011-05-19 13:04:20'),(600,'Mitsubishi Lancer　 1600 GSR Rally Car \'74 ',64,'2011-05-19 13:04:20','2011-05-19 13:04:20'),(601,'Mitsubishi Lancer Evolution II　 GSR \'94 ',64,'2011-05-19 13:04:20','2011-05-19 13:04:20'),(602,'Mitsubishi Lancer Evolution III 　GSR \'95 ',64,'2011-05-19 13:04:20','2011-05-19 13:04:20'),(603,'Mitsubishi Lancer Evolution IV 　GSR \'96 ',64,'2011-05-19 13:04:20','2011-05-19 13:04:20'),(604,'Mitsubishi Lancer Evolution IV 　Rally Car \'97 ',64,'2011-05-19 13:04:20','2011-05-19 13:04:20'),(605,'Mitsubishi Lancer Evolution V 　GSR \'98 ',64,'2011-05-19 13:04:20','2011-05-19 13:04:20'),(606,'Mitsubishi Lancer Evolution VI 　GSR \'99 ',64,'2011-05-19 13:04:20','2011-05-19 13:04:20'),(607,'Mitsubishi Lancer Evolution VI 　GSR TOMMI MAKINEN EDITION \'00 ',64,'2011-05-19 13:04:20','2011-05-19 13:04:20'),(608,'Mitsubishi Lancer Evolution VI 　GSR T.M. EDITION Special Color Package \'99 ',64,'2011-05-19 13:04:20','2011-05-19 13:04:20'),(609,'Mitsubishi Lancer Evolution VI 　Rally Car \'99 ',64,'2011-05-19 13:04:20','2011-05-19 13:04:20'),(610,'Mitsubishi Lancer Evolution VI 　RS \'99 ',64,'2011-05-19 13:04:20','2011-05-19 13:04:20'),(611,'Mitsubishi Lancer Evolution VI 　RS TOMMI MAKINEN EDITION \'00 ',64,'2011-05-19 13:04:20','2011-05-19 13:04:20'),(612,'Mitsubishi Lancer Evolution VII 　GSR \'01 ',64,'2011-05-19 13:04:20','2011-05-19 13:04:20'),(613,'Mitsubishi Lancer Evolution VII 　GT-A \'02 ',64,'2011-05-19 13:04:20','2011-05-19 13:04:20'),(614,'Mitsubishi Lancer Evolution VII 　RS \'01 ',64,'2011-05-19 13:04:20','2011-05-19 13:04:20'),(615,'Mitsubishi Lancer Evolution VIII 　GSR \'03 ',64,'2011-05-19 13:04:20','2011-05-19 13:04:20'),(616,'Mitsubishi Lancer Evolution VIII 　MR GSR \'04 ',64,'2011-05-19 13:04:20','2011-05-19 13:04:20'),(617,'Mitsubishi Lancer Evolution VIII 　RS \'03 ',64,'2011-05-19 13:04:20','2011-05-19 13:04:20'),(618,'Mitsubishi Lancer Evolution IX 　GSR \'05 ',64,'2011-05-19 13:04:20','2011-05-19 13:04:20'),(619,'Mitsubishi Lancer Evolution IX 　GSR RM \'05 ',64,'2011-05-19 13:04:20','2011-05-19 13:04:20'),(620,'Mitsubishi Lancer Evolution X 　GSR Premium Package \'07 ',64,'2011-05-19 13:04:20','2011-05-19 13:04:20'),(621,'Mitsubishi Lancer Evolution 　GSR \'92 ',64,'2011-05-19 13:04:20','2011-05-19 13:04:20'),(622,'Mitsubishi Lancer Evolution 　Super Rally Car \'03 ',64,'2011-05-19 13:04:20','2011-05-19 13:04:20'),(623,'Mitsubishi Lancer 　EX 1800GSR IC Turbo \'83 ',64,'2011-05-19 13:04:20','2011-05-19 13:04:20'),(624,'Mitsubishi LEGNUM 　VR-4 Type V \'98 ',64,'2011-05-19 13:04:20','2011-05-19 13:04:20'),(625,'Mitsubishi MINICA 　DANGAN ZZ \'89 ',64,'2011-05-19 13:04:20','2011-05-19 13:04:20'),(626,'Mitsubishi MIRAGE 　1400GLX \'78 ',64,'2011-05-19 13:04:20','2011-05-19 13:04:20'),(627,'Mitsubishi MIRAGE 　CYBORG ZR \'97 ',64,'2011-05-19 13:04:20','2011-05-19 13:04:20'),(628,'Mitsubishi PAJERO 　Evolution Rally Raid Car \'03 ',64,'2011-05-19 13:04:20','2011-05-19 13:04:20'),(629,'Mitsubishi PAJERO 　Rally Raid Car \'85 ',64,'2011-05-19 13:04:20','2011-05-19 13:04:20'),(630,'Mitsubishi STARION 　4WD Rally Car \'84 ',64,'2011-05-19 13:04:20','2011-05-19 13:04:20'),(631,'Mugen MUGEN S2000 \'00 ',65,'2011-05-19 13:04:20','2011-05-19 13:04:20'),(632,'NISMO 270R \'94 ',66,'2011-05-19 13:04:20','2011-05-19 13:04:20'),(633,'NISMO 400R \'96 ',66,'2011-05-19 13:04:20','2011-05-19 13:04:20'),(634,'NISMO Fairlady Z S-tune concept by GRANTURISMO (Z33) \'02 ',66,'2011-05-19 13:04:20','2011-05-19 13:04:20'),(635,'NISMO Fairlady Z Z-tune (Z33) \'03 ',66,'2011-05-19 13:04:20','2011-05-19 13:04:20'),(636,'NISMO GT-R LM Road Going Version \'95 ',66,'2011-05-19 13:04:20','2011-05-19 13:04:20'),(637,'NISMO Skyline GT-R R-tune (R34) \'99 ',66,'2011-05-19 13:04:20','2011-05-19 13:04:20'),(638,'NISMO Skyline GT-R S-tune (R32) \'00 ',66,'2011-05-19 13:04:20','2011-05-19 13:04:20'),(639,'Nissan 180SX Type X \'96 ',67,'2011-05-19 13:04:20','2011-05-19 13:04:20'),(640,'Nissan 200SX \'96 ',67,'2011-05-19 13:04:20','2011-05-19 13:04:20'),(641,'Nissan 200SX (S14) \'96 ',67,'2011-05-19 13:04:20','2011-05-19 13:04:20'),(642,'Nissan 240RS Rally Car \'85 ',67,'2011-05-19 13:04:20','2011-05-19 13:04:20'),(643,'Nissan 240SX \'96 ',67,'2011-05-19 13:04:20','2011-05-19 13:04:20'),(644,'Nissan 240SX (S14) \'96 ',67,'2011-05-19 13:04:20','2011-05-19 13:04:20'),(645,'Nissan 240ZG (HS30) \'71 ',67,'2011-05-19 13:04:20','2011-05-19 13:04:20'),(646,'Nissan 300ZX 2by2 (Z32) \'98 ',67,'2011-05-19 13:04:20','2011-05-19 13:04:20'),(647,'Nissan 300ZX 2seater (Z32) \'89 ',67,'2011-05-19 13:04:20','2011-05-19 13:04:20'),(648,'Nissan 300ZX 2seater (Z32) \'98 ',67,'2011-05-19 13:04:20','2011-05-19 13:04:20'),(649,'Nissan 350Z (Z33, EU) \'03 ',67,'2011-05-19 13:04:20','2011-05-19 13:04:20'),(650,'Nissan 350Z (Z33, US) \'03 ',67,'2011-05-19 13:04:20','2011-05-19 13:04:20'),(651,'Nissan 350Z Concept LM Race Car ',67,'2011-05-19 13:04:20','2011-05-19 13:04:20'),(652,'Nissan 350Z Gran Turismo 4 Limited Edition (Z33) \'05 ',67,'2011-05-19 13:04:20','2011-05-19 13:04:20'),(653,'Nissan 350Z Roadster (Z33, EU) \'03 ',67,'2011-05-19 13:04:20','2011-05-19 13:04:20'),(654,'Nissan 350Z Roadster (Z33, US) \'03 ',67,'2011-05-19 13:04:20','2011-05-19 13:04:20'),(655,'Nissan 370Z Tuned Car \'08 ',67,'2011-05-19 13:04:20','2011-05-19 13:04:20'),(656,'Nissan Be-1 \'87 ',67,'2011-05-19 13:04:20','2011-05-19 13:04:20'),(657,'Nissan BLUEBIRD 1600 Deluxe (510) \'69 ',67,'2011-05-19 13:04:20','2011-05-19 13:04:20'),(658,'Nissan BLUEBIRD Hardtop 1800SSS (910) \'79 ',67,'2011-05-19 13:04:20','2011-05-19 13:04:20'),(659,'Nissan BLUEBIRD Rally Car (510) \'69 ',67,'2011-05-19 13:04:20','2011-05-19 13:04:20'),(660,'Nissan Calsonic IMPUL GT-R (SUPER GT) \'08 ',67,'2011-05-19 13:04:20','2011-05-19 13:04:20'),(661,'Nissan CALSONIC SKYLINE (JGTC) \'00 ',67,'2011-05-19 13:04:20','2011-05-19 13:04:20'),(662,'Nissan CALSONIC SKYLINE GT-R Race Car \'93 ',67,'2011-05-19 13:04:20','2011-05-19 13:04:20'),(663,'Nissan CUBE EX (FF/CVT) \'02 ',67,'2011-05-19 13:04:20','2011-05-19 13:04:20'),(664,'Nissan CUBE X \'98 ',67,'2011-05-19 13:04:20','2011-05-19 13:04:20'),(665,'Nissan C-WEST RAZO SILVIA (JGTC) \'01 ',67,'2011-05-19 13:04:20','2011-05-19 13:04:20'),(666,'Nissan EXA CANOPY L.A.Version Type S \'88 ',67,'2011-05-19 13:04:20','2011-05-19 13:04:20'),(667,'Nissan Fairlady 2000 (SR311) \'68 ',67,'2011-05-19 13:04:20','2011-05-19 13:04:20'),(668,'Nissan Fairlady 240ZG (HS30) \'71 ',67,'2011-05-19 13:04:20','2011-05-19 13:04:20'),(669,'Nissan Fairlady Z (Z34) \'08 ',67,'2011-05-19 13:04:20','2011-05-19 13:04:20'),(670,'Nissan Fairlady Z 280Z-L 2seater (S130) \'78 ',67,'2011-05-19 13:04:20','2011-05-19 13:04:20'),(671,'Nissan Fairlady Z 300ZX (Z31) \'83 ',67,'2011-05-19 13:04:20','2011-05-19 13:04:20'),(672,'Nissan Fairlady Z 300ZX TwinTurbo 2seater (Z32) \'89 ',67,'2011-05-19 13:04:20','2011-05-19 13:04:20'),(673,'Nissan Fairlady Z 300ZX Version R TwinTurbo 2by2 (Z32) \'98 ',67,'2011-05-19 13:04:20','2011-05-19 13:04:20'),(674,'Nissan Fairlady Z 300ZX Version S TwinTurbo 2seater (Z32) \'98 ',67,'2011-05-19 13:04:20','2011-05-19 13:04:20'),(675,'Nissan Fairlady Z Concept LM Race Car ',67,'2011-05-19 13:04:20','2011-05-19 13:04:20'),(676,'Nissan Fairlady Z Roadster (Z33) \'03 ',67,'2011-05-19 13:04:20','2011-05-19 13:04:20'),(677,'Nissan Fairlady Z Version S (Z33) \'02 ',67,'2011-05-19 13:04:20','2011-05-19 13:04:20'),(678,'Nissan Fairlady Z Version S (Z33) \'07 ',67,'2011-05-19 13:04:20','2011-05-19 13:04:20'),(679,'Nissan Fairlady Z Version ST (Z33 Option Wheel) \'02 ',67,'2011-05-19 13:04:20','2011-05-19 13:04:20'),(680,'Nissan FALKEN☆GT-R Race Car \'04 ',67,'2011-05-19 13:04:20','2011-05-19 13:04:20'),(681,'Nissan GRAN TURISMO SKYLINE GT-R \'01 ',67,'2011-05-19 13:04:20','2011-05-19 13:04:20'),(682,'Nissan GRAN TURISMO SKYLINE GT-R (PaceCar) \'01 ',67,'2011-05-19 13:04:20','2011-05-19 13:04:20'),(683,'Nissan GT-R \'07 ',67,'2011-05-19 13:04:20','2011-05-19 13:04:20'),(684,'Nissan GT-R Black Mask \'07 ',67,'2011-05-19 13:04:20','2011-05-19 13:04:20'),(685,'Nissan GT-R Concept (Tokyo Motor Show 2001) \'01 ',67,'2011-05-19 13:04:20','2011-05-19 13:04:20'),(686,'Nissan GT-R Concept LM Race Car ',67,'2011-05-19 13:04:20','2011-05-19 13:04:20'),(687,'Nissan GT-R Proto \'05 ',67,'2011-05-19 13:04:20','2011-05-19 13:04:20'),(688,'Nissan GT-R SpecV \'09 ',67,'2011-05-19 13:04:20','2011-05-19 13:04:20'),(689,'Nissan GT-R SpecV (GT Academy Version) \'09 ',67,'2011-05-19 13:04:20','2011-05-19 13:04:20'),(690,'Nissan LOCTITE ZEXEL GT-R (JGTC) \'00 ',67,'2011-05-19 13:04:20','2011-05-19 13:04:20'),(691,'Nissan March 12c 5door \'03 ',67,'2011-05-19 13:04:20','2011-05-19 13:04:20'),(692,'Nissan March 12SR \'07 ',67,'2011-05-19 13:04:20','2011-05-19 13:04:20'),(693,'Nissan March G# \'99 ',67,'2011-05-19 13:04:20','2011-05-19 13:04:20'),(694,'Nissan MICRA \'03 ',67,'2011-05-19 13:04:20','2011-05-19 13:04:20'),(695,'Nissan mm-R Cup Car \'01 ',67,'2011-05-19 13:04:20','2011-05-19 13:04:20'),(696,'Nissan MOTUL AUTECH GT-R (SUPER GT) \'08 ',67,'2011-05-19 13:04:20','2011-05-19 13:04:20'),(697,'Nissan MOTUL PITWORK Z (JGTC) \'04 ',67,'2011-05-19 13:04:20','2011-05-19 13:04:20'),(698,'Nissan OPTION Stream Z \'04 ',67,'2011-05-19 13:04:20','2011-05-19 13:04:20'),(699,'Nissan PAO \'89 ',67,'2011-05-19 13:04:20','2011-05-19 13:04:20'),(700,'Nissan PENNZOIL Nismo GT-R (JGTC) \'99 ',67,'2011-05-19 13:04:20','2011-05-19 13:04:20'),(701,'Nissan PENNZOIL ZEXEL GT-R (JGTC) \'01 ',67,'2011-05-19 13:04:20','2011-05-19 13:04:20'),(702,'Nissan PRIMERA 2.0Te \'90 ',67,'2011-05-19 13:04:20','2011-05-19 13:04:20'),(703,'Nissan PRIMERA 20V \'01 ',67,'2011-05-19 13:04:20','2011-05-19 13:04:20'),(704,'Nissan PRIMERA 20V (EU) \'01 ',67,'2011-05-19 13:04:20','2011-05-19 13:04:20'),(705,'Nissan R89C Race Car \'89 ',67,'2011-05-19 13:04:20','2011-05-19 13:04:20'),(706,'Nissan R92CP Race Car \'92 ',67,'2011-05-19 13:04:20','2011-05-19 13:04:20'),(707,'Nissan R390 GT1 Race Car \'98 ',67,'2011-05-19 13:04:20','2011-05-19 13:04:20'),(708,'Nissan R390 GT1 Road Car \'98 ',67,'2011-05-19 13:04:20','2011-05-19 13:04:20'),(709,'Nissan SILEIGHTY \'98 ',67,'2011-05-19 13:04:20','2011-05-19 13:04:20'),(710,'Nissan SILVIA (CSP311) \'65 ',67,'2011-05-19 13:04:20','2011-05-19 13:04:20'),(711,'Nissan SILVIA 240RS (S110) \'83 ',67,'2011-05-19 13:04:20','2011-05-19 13:04:20'),(712,'Nissan SILVIA K\'s (S13) \'88 ',67,'2011-05-19 13:04:20','2011-05-19 13:04:20'),(713,'Nissan SILVIA K\'s (S13) \'91 ',67,'2011-05-19 13:04:20','2011-05-19 13:04:20'),(714,'Nissan SILVIA K\'s AERO (S14) \'93 ',67,'2011-05-19 13:04:20','2011-05-19 13:04:20'),(715,'Nissan SILVIA K\'s AERO (S14) \'96 ',67,'2011-05-19 13:04:20','2011-05-19 13:04:20'),(716,'Nissan SILVIA K\'s Dia Selection (S13) \'90 ',67,'2011-05-19 13:04:20','2011-05-19 13:04:20'),(717,'Nissan SILVIA Q\'s (S13) \'88 ',67,'2011-05-19 13:04:20','2011-05-19 13:04:20'),(718,'Nissan SILVIA Q\'s (S13) \'91 ',67,'2011-05-19 13:04:20','2011-05-19 13:04:20'),(719,'Nissan SILVIA Q\'s AERO (S14) \'93 ',67,'2011-05-19 13:04:20','2011-05-19 13:04:20'),(720,'Nissan SILVIA Q\'s AERO (S14) \'96 ',67,'2011-05-19 13:04:20','2011-05-19 13:04:20'),(721,'Nissan SILVIA spec-R AERO (S15) \'02 ',67,'2011-05-19 13:04:20','2011-05-19 13:04:20'),(722,'Nissan SILVIA spec-R AERO (S15) RM \'02 ',67,'2011-05-19 13:04:20','2011-05-19 13:04:20'),(723,'Nissan SILVIA spec-R AERO (S15) \'99 ',67,'2011-05-19 13:04:20','2011-05-19 13:04:20'),(724,'Nissan SILVIA spec-S AERO (S15) \'99 ',67,'2011-05-19 13:04:20','2011-05-19 13:04:20'),(725,'Nissan SILVIA Varietta (S15) \'00 ',67,'2011-05-19 13:04:20','2011-05-19 13:04:20'),(726,'Nissan SKYLINE 1500Deluxe (S50D-1) \'63 ',67,'2011-05-19 13:04:20','2011-05-19 13:04:20'),(727,'Nissan SKYLINE 2000GT-B (S54A) \'67 ',67,'2011-05-19 13:04:20','2011-05-19 13:04:20'),(728,'Nissan SKYLINE 2000GT-R (KPGC110) \'73 ',67,'2011-05-19 13:04:20','2011-05-19 13:04:20'),(729,'Nissan SKYLINE Coupe 350GT \'03 ',67,'2011-05-19 13:04:20','2011-05-19 13:04:20'),(730,'Nissan SKYLINE Coupe 370GT Type SP \'07 ',67,'2011-05-19 13:04:20','2011-05-19 13:04:20'),(731,'Nissan SKYLINE GT-R (R32) \'89 ',67,'2011-05-19 13:04:20','2011-05-19 13:04:20'),(732,'Nissan SKYLINE GT-R (R32) \'91 ',67,'2011-05-19 13:04:20','2011-05-19 13:04:20'),(733,'Nissan SKYLINE GT-R (R33) \'95 ',67,'2011-05-19 13:04:20','2011-05-19 13:04:20'),(734,'Nissan SKYLINE GT-R (R33) \'96 ',67,'2011-05-19 13:04:20','2011-05-19 13:04:20'),(735,'Nissan SKYLINE GT-R (R33) \'97 ',67,'2011-05-19 13:04:20','2011-05-19 13:04:20'),(736,'Nissan SKYLINE GT-R (R34) \'99 ',67,'2011-05-19 13:04:20','2011-05-19 13:04:20'),(737,'Nissan SKYLINE GT-R (R34) \'00 ',67,'2011-05-19 13:04:20','2011-05-19 13:04:20'),(738,'Nissan SKYLINE GT-R M・spec (R34) \'01 ',67,'2011-05-19 13:04:20','2011-05-19 13:04:20'),(739,'Nissan SKYLINE GT-R M・spec Nür (R34) \'02 ',67,'2011-05-19 13:04:20','2011-05-19 13:04:20'),(740,'Nissan SKYLINE GT-R N1 (R32) \'91 ',67,'2011-05-19 13:04:20','2011-05-19 13:04:20'),(741,'Nissan SKYLINE GT-R N1 (R33) \'95 ',67,'2011-05-19 13:04:20','2011-05-19 13:04:20'),(742,'Nissan SKYLINE GT-R Special Color Midnight Purple II (R34) \'99 ',67,'2011-05-19 13:04:20','2011-05-19 13:04:20'),(743,'Nissan SKYLINE GT-R Special Color Midnight Purple III (R34) \'00 ',67,'2011-05-19 13:04:20','2011-05-19 13:04:20'),(744,'Nissan SKYLINE GT-R V・spec (R32) \'93 ',67,'2011-05-19 13:04:20','2011-05-19 13:04:20'),(745,'Nissan SKYLINE GT-R V・spec (R33) \'95 ',67,'2011-05-19 13:04:20','2011-05-19 13:04:20'),(746,'Nissan SKYLINE GT-R V・spec (R33) \'96 ',67,'2011-05-19 13:04:20','2011-05-19 13:04:20'),(747,'Nissan SKYLINE GT-R V・spec (R33) \'97 ',67,'2011-05-19 13:04:20','2011-05-19 13:04:20'),(748,'Nissan SKYLINE GT-R V・spec (R34) \'99 ',67,'2011-05-19 13:04:20','2011-05-19 13:04:20'),(749,'Nissan SKYLINE GT-R V・spec II (R32) \'94 ',67,'2011-05-19 13:04:20','2011-05-19 13:04:20'),(750,'Nissan SKYLINE GT-R V・spec II (R34) \'00 ',67,'2011-05-19 13:04:20','2011-05-19 13:04:20'),(751,'Nissan SKYLINE GT-R V・spec II N1 (R34) \'00 ',67,'2011-05-19 13:04:20','2011-05-19 13:04:20'),(752,'Nissan SKYLINE GT-R V・spec II Nür (R34) \'02 ',67,'2011-05-19 13:04:20','2011-05-19 13:04:20'),(753,'Nissan SKYLINE GT-R V・spec LM Limited (R33) \'96 ',67,'2011-05-19 13:04:20','2011-05-19 13:04:20'),(754,'Nissan SKYLINE GT-R V・spec N1 (R32) \'93 ',67,'2011-05-19 13:04:20','2011-05-19 13:04:20'),(755,'Nissan SKYLINE GT-R V・spec N1 (R34) \'99 ',67,'2011-05-19 13:04:20','2011-05-19 13:04:20'),(756,'Nissan SKYLINE GTS25 Type S (R32) \'91 ',67,'2011-05-19 13:04:20','2011-05-19 13:04:20'),(757,'Nissan SKYLINE GTS-R (R31) \'87 ',67,'2011-05-19 13:04:20','2011-05-19 13:04:20'),(758,'Nissan SKYLINE GTS-t Type M (R32) \'89 ',67,'2011-05-19 13:04:20','2011-05-19 13:04:20'),(759,'Nissan SKYLINE GTS-t Type M (R32) \'91 ',67,'2011-05-19 13:04:20','2011-05-19 13:04:20'),(760,'Nissan SKYLINE Hard Top 2000 RS-X Turbo C (R30) \'84 ',67,'2011-05-19 13:04:20','2011-05-19 13:04:20'),(761,'Nissan SKYLINE Hard Top 2000 Turbo RS (R30) \'83 ',67,'2011-05-19 13:04:20','2011-05-19 13:04:20'),(762,'Nissan SKYLINE Hard Top 2000GT-R (KPGC10) \'70 ',67,'2011-05-19 13:04:20','2011-05-19 13:04:20'),(763,'Nissan SKYLINE Sedan 300GT \'01 ',67,'2011-05-19 13:04:20','2011-05-19 13:04:20'),(764,'Nissan SKYLINE Sedan 350GT Type SP \'06 ',67,'2011-05-19 13:04:20','2011-05-19 13:04:20'),(765,'Nissan SKYLINE Sedan 350GT-8 \'02 ',67,'2011-05-19 13:04:20','2011-05-19 13:04:20'),(766,'Nissan SKYLINE Sport Coupe (BLRA-3) \'62 ',67,'2011-05-19 13:04:20','2011-05-19 13:04:20'),(767,'Nissan STAGEA 25t RS FOUR S \'98 ',67,'2011-05-19 13:04:20','2011-05-19 13:04:20'),(768,'Nissan STAGEA 260RS AutechVersion \'98 ',67,'2011-05-19 13:04:20','2011-05-19 13:04:20'),(769,'Nissan WOODONE ADVAN Clarion GT-R (SUPER GT) \'08 ',67,'2011-05-19 13:04:20','2011-05-19 13:04:20'),(770,'Nissan XANAVI HIROTO GT-R (JGTC) \'01 ',67,'2011-05-19 13:04:20','2011-05-19 13:04:20'),(771,'Nissan XANAVI NISMO GT-R (JGTC) \'03 ',67,'2011-05-19 13:04:20','2011-05-19 13:04:20'),(772,'Nissan XANAVI NISMO GT-R (SUPER GT) \'08 ',67,'2011-05-19 13:04:20','2011-05-19 13:04:20'),(773,'Nissan XANAVI NISMO Z (SUPER GT) \'06 ',67,'2011-05-19 13:04:20','2011-05-19 13:04:20'),(774,'Nissan YellowHat YMS TOMICA GT-R (SUPER GT) \'08 ',67,'2011-05-19 13:04:20','2011-05-19 13:04:20'),(775,'Opel Astra Touring Car (Opel Team Phoenix) \'00 ',68,'2011-05-19 13:04:20','2011-05-19 13:04:20'),(776,'Opel Calibra Touring Car \'94 ',68,'2011-05-19 13:04:20','2011-05-19 13:04:20'),(777,'Opel Corsa Comfort 1.4 \'01 ',68,'2011-05-19 13:04:20','2011-05-19 13:04:20'),(778,'Opel Speedster \'00 ',68,'2011-05-19 13:04:20','2011-05-19 13:04:20'),(779,'Opel Speedster Turbo \'00 ',68,'2011-05-19 13:04:20','2011-05-19 13:04:20'),(780,'Opel Tigra 1.6i \'99 ',68,'2011-05-19 13:04:20','2011-05-19 13:04:20'),(781,'Opel Vectra 3.2 V6 \'03 ',68,'2011-05-19 13:04:20','2011-05-19 13:04:20'),(782,'Opera Performance 350Z \'04 ',69,'2011-05-19 13:04:20','2011-05-19 13:04:20'),(783,'Opera Performance S2000 \'04 ',69,'2011-05-19 13:04:20','2011-05-19 13:04:20'),(784,'Oullim Motors Spirra Prototype \'04 ',70,'2011-05-19 13:04:20','2011-05-19 13:04:20'),(785,'Pagani Zonda C12 \'00 ',71,'2011-05-19 13:04:20','2011-05-19 13:04:20'),(786,'Pagani Zonda C12S \'00 ',71,'2011-05-19 13:04:20','2011-05-19 13:04:20'),(787,'Pagani Zonda C12S 7.3 \'02 ',71,'2011-05-19 13:04:20','2011-05-19 13:04:20'),(788,'Pagani Zonda LM Race Car ',71,'2011-05-19 13:04:20','2011-05-19 13:04:20'),(789,'Pagani Zonda R \'09 ',71,'2011-05-19 13:04:20','2011-05-19 13:04:20'),(790,'Panoz Esperante GTR-1 Race Car \'98 ',72,'2011-05-19 13:04:20','2011-05-19 13:04:20'),(791,'Pescarolo Sport Courage C60 - Peugeot Race Car \'03 ',73,'2011-05-19 13:04:20','2011-05-19 13:04:20'),(792,'Pescarolo Sport Pescarolo C60 Hybride - Judd Race car \'05 ',73,'2011-05-19 13:04:20','2011-05-19 13:04:20'),(793,'Pescarolo Sport Pescarolo-Courage - Judd GV5 Race Car \'04 ',73,'2011-05-19 13:04:20','2011-05-19 13:04:20'),(794,'Peugeot 106 Rallye \'03 ',74,'2011-05-19 13:04:20','2011-05-19 13:04:20'),(795,'Peugeot 106 S16 \'03 ',74,'2011-05-19 13:04:20','2011-05-19 13:04:20'),(796,'Peugeot 205 Turbo 16 \'85 ',74,'2011-05-19 13:04:20','2011-05-19 13:04:20'),(797,'Peugeot 205 Turbo 16 Evolution 2 Rally Car \'86 ',74,'2011-05-19 13:04:20','2011-05-19 13:04:20'),(798,'Peugeot 205 Turbo 16 Rally Car \'85 ',74,'2011-05-19 13:04:20','2011-05-19 13:04:20'),(799,'Peugeot 206 CC \'01 ',74,'2011-05-19 13:04:20','2011-05-19 13:04:20'),(800,'Peugeot 206 Rally Car \'99 ',74,'2011-05-19 13:04:20','2011-05-19 13:04:20'),(801,'Peugeot 206 RC \'03 ',74,'2011-05-19 13:04:20','2011-05-19 13:04:20'),(802,'Peugeot 206 S16 \'99 ',74,'2011-05-19 13:04:20','2011-05-19 13:04:20'),(803,'Peugeot 207 GTi \'07 ',74,'2011-05-19 13:04:20','2011-05-19 13:04:20'),(804,'Peugeot 307 CC Premium AVN \'04 ',74,'2011-05-19 13:04:20','2011-05-19 13:04:20'),(805,'Peugeot 307 XSi \'04 ',74,'2011-05-19 13:04:20','2011-05-19 13:04:20'),(806,'Peugeot 905 Race Car \'92 ',74,'2011-05-19 13:04:20','2011-05-19 13:04:20'),(807,'Peugeot 908 HDi FAP - Team Oreca Matmut \'10 ',74,'2011-05-19 13:04:20','2011-05-19 13:04:20'),(808,'Peugeot 908 HDi FAP - Team Peugeot Total \'10 ',74,'2011-05-19 13:04:20','2011-05-19 13:04:20'),(809,'Peugeot coupé 406 3.0 V6 \'98 ',74,'2011-05-19 13:04:20','2011-05-19 13:04:20'),(810,'Plymouth Cuda 440 Six Pack \'71 ',75,'2011-05-19 13:04:20','2011-05-19 13:04:20'),(811,'Plymouth Superbird \'70 ',75,'2011-05-19 13:04:20','2011-05-19 13:04:20'),(812,'Pontiac GTO 5.7 Coupe \'04 ',76,'2011-05-19 13:04:20','2011-05-19 13:04:20'),(813,'Pontiac Solstice Coupe Concept \'02 ',76,'2011-05-19 13:04:20','2011-05-19 13:04:20'),(814,'Pontiac Sunfire GXP Concept \'02 ',76,'2011-05-19 13:04:20','2011-05-19 13:04:20'),(815,'Pontiac Tempest Le Mans GTO \'64 ',76,'2011-05-19 13:04:20','2011-05-19 13:04:20'),(816,'Pontiac Vibe GT \'03 ',76,'2011-05-19 13:04:20','2011-05-19 13:04:20'),(817,'RE Amemiya AMEMIYA ASPARADRINK RX7 (JGTC) \'04 ',77,'2011-05-19 13:04:20','2011-05-19 13:04:20'),(818,'RE Amemiya Amemiya AsparaDrink RX7 (SUPER GT) \'06 ',77,'2011-05-19 13:04:20','2011-05-19 13:04:20'),(819,'RE Amemiya RE Amemiya FD3S RX-7 ',77,'2011-05-19 13:04:20','2011-05-19 13:04:20'),(820,'Renault 5 Maxi Turbo Rally Car \'85 ',78,'2011-05-19 13:04:20','2011-05-19 13:04:20'),(821,'Renault 5 Turbo \'80 ',78,'2011-05-19 13:04:20','2011-05-19 13:04:20'),(822,'Renault AVANTIME \'02 ',78,'2011-05-19 13:04:20','2011-05-19 13:04:20'),(823,'Renault Megane 2.0 16V \'03 ',78,'2011-05-19 13:04:20','2011-05-19 13:04:20'),(824,'Renault Megane 2.0 IDE Coupe \'00 ',78,'2011-05-19 13:04:20','2011-05-19 13:04:20'),(825,'Renault Sport Clio Renault Sport 2.0 16V \'02 ',78,'2011-05-19 13:04:20','2011-05-19 13:04:20'),(826,'Renault Sport Clio Renault Sport Trophy V6 24V Race Car \'00 ',78,'2011-05-19 13:04:20','2011-05-19 13:04:20'),(827,'Renault Sport Clio Renault Sport V6 24V \'00 ',78,'2011-05-19 13:04:20','2011-05-19 13:04:20'),(828,'Renault Sport Clio Renault Sport V6 Phase 2 \'03 ',78,'2011-05-19 13:04:20','2011-05-19 13:04:20'),(829,'Renault Sport Lutecia Renault Sport 2.0 16V \'02 ',78,'2011-05-19 13:04:20','2011-05-19 13:04:20'),(830,'Renault Sport Lutecia Renault Sport Trophy V6 24V Race Car \'00 ',78,'2011-05-19 13:04:20','2011-05-19 13:04:20'),(831,'Renault Sport Lutecia Renault Sport V6 24V \'01 ',78,'2011-05-19 13:04:20','2011-05-19 13:04:20'),(832,'Renault Sport Lutecia Renault Sport V6 Phase2 \'03',78,'2011-05-19 13:04:20','2011-05-19 13:04:20'),(833,'Renault Sport Megane Renault Sport \'08 ',78,'2011-05-19 13:04:20','2011-05-19 13:04:20'),(834,'RUF 3400S \'00 ',79,'2011-05-19 13:04:20','2011-05-19 13:04:20'),(835,'RUF BTR \'86 ',79,'2011-05-19 13:04:20','2011-05-19 13:04:20'),(836,'RUF CTR2 \'96 ',79,'2011-05-19 13:04:20','2011-05-19 13:04:20'),(837,'RUF CTR \"Yellow Bird\" \'87 ',79,'2011-05-19 13:04:20','2011-05-19 13:04:20'),(838,'RUF RGT \'00 ',79,'2011-05-19 13:04:20','2011-05-19 13:04:20'),(839,'Saleen S7 \'02 ',80,'2011-05-19 13:04:20','2011-05-19 13:04:20'),(840,'Scion xA \'03 ',81,'2011-05-19 13:04:20','2011-05-19 13:04:20'),(841,'Scion xB \'03 ',81,'2011-05-19 13:04:20','2011-05-19 13:04:20'),(842,'Seat Ibiza Cupra \'04 ',82,'2011-05-19 13:04:20','2011-05-19 13:04:20'),(843,'Shelby Cobra 427 \'66 ',83,'2011-05-19 13:04:20','2011-05-19 13:04:20'),(844,'Shelby GT350R \'65 ',83,'2011-05-19 13:04:20','2011-05-19 13:04:20'),(845,'Shelby Series One Super Charged \'03 ',83,'2011-05-19 13:04:20','2011-05-19 13:04:20'),(846,'Spoon CIVIC TYPE R (EK) \'00 ',84,'2011-05-19 13:04:20','2011-05-19 13:04:20'),(847,'Spoon CR-Z ',84,'2011-05-19 13:04:20','2011-05-19 13:04:20'),(848,'Spoon FIT Race Car \'03 ',84,'2011-05-19 13:04:20','2011-05-19 13:04:20'),(849,'Spoon INTEGRA TYPE R (DC2) \'99 ',84,'2011-05-19 13:04:20','2011-05-19 13:04:20'),(850,'Spoon S2000 \'00 ',84,'2011-05-19 13:04:20','2011-05-19 13:04:20'),(851,'Spoon S2000 Race Car \'00 ',84,'2011-05-19 13:04:20','2011-05-19 13:04:20'),(852,'Spyker C8 Laviolette \'01 ',85,'2011-05-19 13:04:20','2011-05-19 13:04:20'),(853,'Subaru CUSCO SUBARU ADVAN IMPREZA (JGTC) \'03 ',86,'2011-05-19 13:04:20','2011-05-19 13:04:20'),(854,'Subaru CUSCO DUNLOP SUBARU IMPREZA (SUPER GT) \'08 ',86,'2011-05-19 13:04:20','2011-05-19 13:04:20'),(855,'Subaru IMPREZA Coupe 22B-STi Version \'98 ',86,'2011-05-19 13:04:20','2011-05-19 13:04:20'),(856,'Subaru IMPREZA Coupe WRX typeR STi Version VI \'99 ',86,'2011-05-19 13:04:20','2011-05-19 13:04:20'),(857,'Subaru IMPREZA Rally Car \'99 ',86,'2011-05-19 13:04:20','2011-05-19 13:04:20'),(858,'Subaru IMPREZA Rally Car \'01 ',86,'2011-05-19 13:04:20','2011-05-19 13:04:20'),(859,'Subaru IMPREZA Rally Car \'03 ',86,'2011-05-19 13:04:20','2011-05-19 13:04:20'),(860,'Subaru IMPREZA Rally Car Prototype \'01 ',86,'2011-05-19 13:04:21','2011-05-19 13:04:21'),(861,'Subaru IMPREZA Sedan WRX STi \'94 ',86,'2011-05-19 13:04:21','2011-05-19 13:04:21'),(862,'Subaru IMPREZA Sedan WRX STI (18inch BBS Wheel Option) \'10 ',86,'2011-05-19 13:04:21','2011-05-19 13:04:21'),(863,'Subaru IMPREZA Sedan WRX STi (Type-II) \'02 ',86,'2011-05-19 13:04:21','2011-05-19 13:04:21'),(864,'Subaru IMPREZA Sedan WRX STi spec C (Type-II) \'04 ',86,'2011-05-19 13:04:21','2011-05-19 13:04:21'),(865,'Subaru IMPREZA Sedan WRX STI spec C Type RA \'05 ',86,'2011-05-19 13:04:21','2011-05-19 13:04:21'),(866,'Subaru IMPREZA Sedan WRX STI spec C Type RA RM \'05 ',86,'2011-05-19 13:04:21','2011-05-19 13:04:21'),(867,'Subaru IMPREZA Sedan WRX STi Version (Type-I) \'00 ',86,'2011-05-19 13:04:21','2011-05-19 13:04:21'),(868,'Subaru IMPREZA Sedan WRX STi Version II \'95 ',86,'2011-05-19 13:04:21','2011-05-19 13:04:21'),(869,'Subaru IMPREZA Sedan WRX STi Version III \'96 ',86,'2011-05-19 13:04:21','2011-05-19 13:04:21'),(870,'Subaru IMPREZA Sedan WRX STi Version IV \'97 ',86,'2011-05-19 13:04:21','2011-05-19 13:04:21'),(871,'Subaru IMPREZA Sedan WRX STi Version V \'98 ',86,'2011-05-19 13:04:21','2011-05-19 13:04:21'),(872,'Subaru IMPREZA Sedan WRX STi Version VI \'99 ',86,'2011-05-19 13:04:21','2011-05-19 13:04:21'),(873,'Subaru IMPREZA Sport Wagon STi (Type-I) \'00 ',86,'2011-05-19 13:04:21','2011-05-19 13:04:21'),(874,'Subaru IMPREZA Sport Wagon WRX STi Version VI \'99 ',86,'2011-05-19 13:04:21','2011-05-19 13:04:21'),(875,'Subaru IMPREZA Super Touring Car ',86,'2011-05-19 13:04:21','2011-05-19 13:04:21'),(876,'Subaru IMPREZA WRC 2008 \'08 ',86,'2011-05-19 13:04:21','2011-05-19 13:04:21'),(877,'Subaru IMPREZA WRX STI (18inch BBS Wheel Option) \'07 ',86,'2011-05-19 13:04:21','2011-05-19 13:04:21'),(878,'Subaru IMPREZA WRX STi Prodrive Style (Type-I) \'01 ',86,'2011-05-19 13:04:21','2011-05-19 13:04:21'),(879,'Subaru LEGACY B4 2.0GT \'03 ',86,'2011-05-19 13:04:21','2011-05-19 13:04:21'),(880,'Subaru LEGACY B4 2.0GT spec.B \'03 ',86,'2011-05-19 13:04:21','2011-05-19 13:04:21'),(881,'Subaru LEGACY B4 3.0R \'03 ',86,'2011-05-19 13:04:21','2011-05-19 13:04:21'),(882,'Subaru LEGACY B4 Blitzen \'00 ',86,'2011-05-19 13:04:21','2011-05-19 13:04:21'),(883,'Subaru LEGACY B4 RSK \'98 ',86,'2011-05-19 13:04:21','2011-05-19 13:04:21'),(884,'Subaru LEGACY Touring Wagon 2.0GT \'03 ',86,'2011-05-19 13:04:21','2011-05-19 13:04:21'),(885,'Subaru LEGACY Touring Wagon 2.0GT spec.B \'03 ',86,'2011-05-19 13:04:21','2011-05-19 13:04:21'),(886,'Subaru LEGACY Touring Wagon 3.0R \'03 ',86,'2011-05-19 13:04:21','2011-05-19 13:04:21'),(887,'Subaru LEGACY Touring Wagon GT-B \'96 ',86,'2011-05-19 13:04:21','2011-05-19 13:04:21'),(888,'Subaru SUBARU 360 \'58 ',86,'2011-05-19 13:04:21','2011-05-19 13:04:21'),(889,'Suzuki ALTO LAPIN Turbo \'02 ',87,'2011-05-19 13:04:21','2011-05-19 13:04:21'),(890,'Suzuki ALTO WORKS RS-Z \'97 ',87,'2011-05-19 13:04:21','2011-05-19 13:04:21'),(891,'Suzuki ALTO WORKS SUZUKI SPORT LIMITED \'97 ',87,'2011-05-19 13:04:21','2011-05-19 13:04:21'),(892,'Suzuki Cappuccino (EA11R) \'91 ',87,'2011-05-19 13:04:21','2011-05-19 13:04:21'),(893,'Suzuki Cappuccino (EA21R) \'95 ',87,'2011-05-19 13:04:21','2011-05-19 13:04:21'),(894,'Suzuki Cappuccino (EA21R) RM \'95 ',87,'2011-05-19 13:04:21','2011-05-19 13:04:21'),(895,'Suzuki CERVO SR \'07 ',87,'2011-05-19 13:04:21','2011-05-19 13:04:21'),(896,'Suzuki CONCEPT-S2 \'03 ',87,'2011-05-19 13:04:21','2011-05-19 13:04:21'),(897,'Suzuki ESCUDO Dirt Trial Car \'98 ',87,'2011-05-19 13:04:21','2011-05-19 13:04:21'),(898,'Suzuki GSX-R/4 Concept \'01 ',87,'2011-05-19 13:04:21','2011-05-19 13:04:21'),(899,'Suzuki Kei WORKS \'02 ',87,'2011-05-19 13:04:21','2011-05-19 13:04:21'),(900,'Suzuki MR Wagon Sport \'04 ',87,'2011-05-19 13:04:21','2011-05-19 13:04:21'),(901,'Suzuki SWIFT Sport \'05 ',87,'2011-05-19 13:04:21','2011-05-19 13:04:21'),(902,'Suzuki SWIFT Sport \'07 ',87,'2011-05-19 13:04:21','2011-05-19 13:04:21'),(903,'Suzuki SX4 WRC \'08 ',87,'2011-05-19 13:04:21','2011-05-19 13:04:21'),(904,'Suzuki WAGON R RR \'98 ',87,'2011-05-19 13:04:21','2011-05-19 13:04:21'),(905,'Tesla Motors Tesla Roadster \'08',88,'2011-05-19 13:04:21','2011-05-19 13:04:21'),(906,'Tommykaira ZZ-S \'00 ',89,'2011-05-19 13:04:21','2011-05-19 13:04:21'),(907,'Tommykaira ZZII \'00 ',89,'2011-05-19 13:04:21','2011-05-19 13:04:21'),(908,'Tom\'s X540 CHASER \'00 ',90,'2011-05-19 13:04:21','2011-05-19 13:04:21'),(909,'Toyota 2000GT \'67 ',91,'2011-05-19 13:04:21','2011-05-19 13:04:21'),(910,'Toyota 2010 Brian Vickers #83 Red Bull TOYOTA CAMRY \'10 ',91,'2011-05-19 13:04:21','2011-05-19 13:04:21'),(911,'Toyota 2010 Denny Hamlin #11 FedEx TOYOTA CAMRY \'10 ',91,'2011-05-19 13:04:21','2011-05-19 13:04:21'),(912,'Toyota 2010 Joey Logano #20 The Home Depot TOYOTA CAMRY \'10 ',91,'2011-05-19 13:04:21','2011-05-19 13:04:21'),(913,'Toyota 2010 Kyle Busch #18 M&M\'S® TOYOTA CAMRY \'10 ',91,'2011-05-19 13:04:21','2011-05-19 13:04:21'),(914,'Toyota ALTEZZA AS200 \'98 ',91,'2011-05-19 13:04:21','2011-05-19 13:04:21'),(915,'Toyota ALTEZZA Gita AS300 \'01 ',91,'2011-05-19 13:04:21','2011-05-19 13:04:21'),(916,'Toyota ALTEZZA RS200 \'98 ',91,'2011-05-19 13:04:21','2011-05-19 13:04:21'),(917,'Toyota ALTEZZA Touring Car ',91,'2011-05-19 13:04:21','2011-05-19 13:04:21'),(918,'Toyota ARISTO 3.0V \'91 ',91,'2011-05-19 13:04:21','2011-05-19 13:04:21'),(919,'Toyota ARISTO V300 \'00 ',91,'2011-05-19 13:04:21','2011-05-19 13:04:21'),(920,'Toyota ARISTO V300 Vertex Edition \'00 ',91,'2011-05-19 13:04:21','2011-05-19 13:04:21'),(921,'Toyota au CERUMO Supra (JGTC) \'01 ',91,'2011-05-19 13:04:21','2011-05-19 13:04:21'),(922,'Toyota bB 1.5Z X Version \'00 ',91,'2011-05-19 13:04:21','2011-05-19 13:04:21'),(923,'Toyota CALDINA GT-FOUR \'02 ',91,'2011-05-19 13:04:21','2011-05-19 13:04:21'),(924,'Toyota CARINA ED 2.0 X 4WS \'89 ',91,'2011-05-19 13:04:21','2011-05-19 13:04:21'),(925,'Toyota Castrol TOM\'S SUPRA (JGTC) \'97 ',91,'2011-05-19 13:04:21','2011-05-19 13:04:21'),(926,'Toyota Castrol TOM\'S SUPRA (JGTC) \'00 ',91,'2011-05-19 13:04:21','2011-05-19 13:04:21'),(927,'Toyota Castrol TOM\'S SUPRA (JGTC) \'01 ',91,'2011-05-19 13:04:21','2011-05-19 13:04:21'),(928,'Toyota CELICA 1600GT (TA22) \'70 ',91,'2011-05-19 13:04:21','2011-05-19 13:04:21'),(929,'Toyota CELICA 2000GT-FOUR (ST165) \'86 ',91,'2011-05-19 13:04:21','2011-05-19 13:04:21'),(930,'Toyota CELICA 2000GT-R (ST162) \'86 ',91,'2011-05-19 13:04:21','2011-05-19 13:04:21'),(931,'Toyota CELICA GT-FOUR (ST205) \'98 ',91,'2011-05-19 13:04:21','2011-05-19 13:04:21'),(932,'Toyota CELICA GT-FOUR Rally Car (ST185) \'95 ',91,'2011-05-19 13:04:21','2011-05-19 13:04:21'),(933,'Toyota CELICA GT-FOUR Rally Car (ST205) \'95 ',91,'2011-05-19 13:04:21','2011-05-19 13:04:21'),(934,'Toyota CELICA GT-FOUR RC (ST185) \'91 ',91,'2011-05-19 13:04:21','2011-05-19 13:04:21'),(935,'Toyota CELICA GT-R (ST183, 4WS) \'91 ',91,'2011-05-19 13:04:21','2011-05-19 13:04:21'),(936,'Toyota CELICA SS-II (ST202) \'97 ',91,'2011-05-19 13:04:21','2011-05-19 13:04:21'),(937,'Toyota CELICA SS-II (ZZT231) \'99 ',91,'2011-05-19 13:04:21','2011-05-19 13:04:21'),(938,'Toyota CELICA XX 2800GT \'81 ',91,'2011-05-19 13:04:21','2011-05-19 13:04:21'),(939,'Toyota COROLLA LEVIN BZ-R \'98 ',91,'2011-05-19 13:04:21','2011-05-19 13:04:21'),(940,'Toyota COROLLA LEVIN GT-APEX (AE86) \'83 ',91,'2011-05-19 13:04:21','2011-05-19 13:04:21'),(941,'Toyota COROLLA Rally Car \'98 ',91,'2011-05-19 13:04:21','2011-05-19 13:04:21'),(942,'Toyota COROLLA RUNX Z AEROTOURER \'02 ',91,'2011-05-19 13:04:21','2011-05-19 13:04:21'),(943,'Toyota DENSO SARD SUPRA GT (JGTC) \'00 ',91,'2011-05-19 13:04:21','2011-05-19 13:04:21'),(944,'Toyota FT-86 Concept \'09 ',91,'2011-05-19 13:04:21','2011-05-19 13:04:21'),(945,'Toyota FT-86 G SPORTS Concept \'10 ',91,'2011-05-19 13:04:21','2011-05-19 13:04:21'),(946,'Toyota GT-ONE Race Car (TS020) \'99 ',91,'2011-05-19 13:04:21','2011-05-19 13:04:21'),(947,'Toyota ist 1.5S \'02 ',91,'2011-05-19 13:04:21','2011-05-19 13:04:21'),(948,'MINOLTA Toyota 88C-V Race Car \'89 ',91,'2011-05-19 13:04:21','2011-05-19 13:04:21'),(949,'Toyota MR2 1600 G \'86 ',91,'2011-05-19 13:04:21','2011-05-19 13:04:21'),(950,'Toyota MR2 1600 G-Limited Super Charger \'86 ',91,'2011-05-19 13:04:21','2011-05-19 13:04:21'),(951,'Toyota MR2 G-Limited \'97 ',91,'2011-05-19 13:04:21','2011-05-19 13:04:21'),(952,'Toyota MR2 GT-S \'97 ',91,'2011-05-19 13:04:21','2011-05-19 13:04:21'),(953,'Toyota MR2 Spyder \'99 ',91,'2011-05-19 13:04:21','2011-05-19 13:04:21'),(954,'Toyota MR2 Spyder (6MT) \'02 ',91,'2011-05-19 13:04:21','2011-05-19 13:04:21'),(955,'Toyota MR-S S Edition \'99 ',91,'2011-05-19 13:04:21','2011-05-19 13:04:21'),(956,'Toyota MR-S V Edition (6MT) \'02 ',91,'2011-05-19 13:04:21','2011-05-19 13:04:21'),(957,'Toyota PRIUS G \'09 ',91,'2011-05-19 13:04:21','2011-05-19 13:04:21'),(958,'Toyota PRIUS G (J) \'02 ',91,'2011-05-19 13:04:21','2011-05-19 13:04:21'),(959,'Toyota PRIUS G Touring Selection (J) \'03 ',91,'2011-05-19 13:04:21','2011-05-19 13:04:21'),(960,'Toyota RSC \'01 ',91,'2011-05-19 13:04:21','2011-05-19 13:04:21'),(961,'Toyota RSC Rally Raid Car ',91,'2011-05-19 13:04:21','2011-05-19 13:04:21'),(962,'Toyota SERA \'92 ',91,'2011-05-19 13:04:21','2011-05-19 13:04:21'),(963,'Toyota SOARER 2.5GT-T \'97 ',91,'2011-05-19 13:04:21','2011-05-19 13:04:21'),(964,'Toyota SOARER 430SCV \'01 ',91,'2011-05-19 13:04:21','2011-05-19 13:04:21'),(965,'Toyota SPORTS 800 \'65 ',91,'2011-05-19 13:04:21','2011-05-19 13:04:21'),(966,'Toyota SPRINTER TRUENO BZ-R \'98 ',91,'2011-05-19 13:04:21','2011-05-19 13:04:21'),(967,'Toyota SPRINTER TRUENO GT-APEX (AE86 Shuichi Shigeno Version) \'00 ',91,'2011-05-19 13:04:21','2011-05-19 13:04:21'),(968,'Toyota SPRINTER TRUENO GT-APEX (AE86) \'83 ',91,'2011-05-19 13:04:21','2011-05-19 13:04:21'),(969,'Toyota STARLET Glanza V \'97 ',91,'2011-05-19 13:04:21','2011-05-19 13:04:21'),(970,'Toyota SUPERAUTOBACS APEX MR-S (JGTC) \'00 ',91,'2011-05-19 13:04:21','2011-05-19 13:04:21'),(971,'Toyota SUPRA 2.5GT Twin Turbo R \'90 ',91,'2011-05-19 13:04:21','2011-05-19 13:04:21'),(972,'Toyota SUPRA 3.0GT Turbo A \'88 ',91,'2011-05-19 13:04:21','2011-05-19 13:04:21'),(973,'Toyota SUPRA RZ \'97 ',91,'2011-05-19 13:04:21','2011-05-19 13:04:21'),(974,'Toyota SUPRA SZ-R \'97 ',91,'2011-05-19 13:04:21','2011-05-19 13:04:21'),(975,'Toyota Tacoma X-Runner \'04 ',91,'2011-05-19 13:04:21','2011-05-19 13:04:21'),(976,'Toyota Toyota 7 Race Car \'70 ',91,'2011-05-19 13:04:21','2011-05-19 13:04:21'),(977,'Toyota VITZ F \'99 ',91,'2011-05-19 13:04:21','2011-05-19 13:04:21'),(978,'Toyota VITZ RS 1.5 \'00 ',91,'2011-05-19 13:04:21','2011-05-19 13:04:21'),(979,'Toyota VITZ RS 1.5 \'07 ',91,'2011-05-19 13:04:21','2011-05-19 13:04:21'),(980,'Toyota VITZ RS Turbo \'02 ',91,'2011-05-19 13:04:21','2011-05-19 13:04:21'),(981,'Toyota VITZ U Euro Sport Edition \'00 ',91,'2011-05-19 13:04:21','2011-05-19 13:04:21'),(982,'Toyota VOLTZ S \'02 ',91,'2011-05-19 13:04:21','2011-05-19 13:04:21'),(983,'Toyota WEDSSPORT CELICA (JGTC) \'03 ',91,'2011-05-19 13:04:21','2011-05-19 13:04:21'),(984,'Toyota WiLL VS \'01 ',91,'2011-05-19 13:04:21','2011-05-19 13:04:21'),(985,'Toyota WOODONE TOM\'S SUPRA (JGTC) \'03 ',91,'2011-05-19 13:04:21','2011-05-19 13:04:21'),(986,'Toyota Yaris F (J) \'99 ',91,'2011-05-19 13:04:21','2011-05-19 13:04:21'),(987,'Toyota Yaris RS 1.5 (J) \'00 ',91,'2011-05-19 13:04:21','2011-05-19 13:04:21'),(988,'Toyota Yaris RS Turbo (J) \'02 ',91,'2011-05-19 13:04:21','2011-05-19 13:04:21'),(989,'Toyota Yaris U Euro Sport Edition (J) \'00 ',91,'2011-05-19 13:04:21','2011-05-19 13:04:21'),(990,'Toyota YellowHat YMS Supra (SUPER GT) \'05 ',91,'2011-05-19 13:04:21','2011-05-19 13:04:21'),(991,'TRD CELICA TRD Sports M (ZZT231) \'00 ',92,'2011-05-19 13:04:21','2011-05-19 13:04:21'),(992,'TRIAL TRIAL CELICA SS-II (ZZT231) \'03 ',93,'2011-05-19 13:04:21','2011-05-19 13:04:21'),(993,'Triumph Spitfire 1500 \'74 ',94,'2011-05-19 13:04:21','2011-05-19 13:04:21'),(994,'TVR Cerbera Speed 6 \'97 ',95,'2011-05-19 13:04:21','2011-05-19 13:04:21'),(995,'TVR Cerbera Speed 12 \'00 ',95,'2011-05-19 13:04:21','2011-05-19 13:04:21'),(996,'TVR Griffith 500 \'94 ',95,'2011-05-19 13:04:21','2011-05-19 13:04:21'),(997,'TVR T350C \'03 ',95,'2011-05-19 13:04:21','2011-05-19 13:04:21'),(998,'TVR Tamora \'02 ',95,'2011-05-19 13:04:21','2011-05-19 13:04:21'),(999,'TVR Tuscan Speed 6 \'00 ',95,'2011-05-19 13:04:21','2011-05-19 13:04:21'),(1000,'TVR Tuscan Speed 6 RM \'00 ',95,'2011-05-19 13:04:21','2011-05-19 13:04:21'),(1001,'TVR V8S \'91 ',95,'2011-05-19 13:04:21','2011-05-19 13:04:21'),(1002,'Vauxhall Astra Super Touring Car \'00 ',96,'2011-05-19 13:04:21','2011-05-19 13:04:21'),(1003,'Vauxhall Calibra Super Touring Car \'94 ',96,'2011-05-19 13:04:21','2011-05-19 13:04:21'),(1004,'Vauxhall Corsa Comfort 1.4 \'01 ',96,'2011-05-19 13:04:21','2011-05-19 13:04:21'),(1005,'Vauxhall Tigra 1.6i \'99 ',96,'2011-05-19 13:04:21','2011-05-19 13:04:21'),(1006,'Vauxhall Vectra 3.2 V6 \'03 ',96,'2011-05-19 13:04:21','2011-05-19 13:04:21'),(1007,'Vauxhall VX220 \'00 ',96,'2011-05-19 13:04:21','2011-05-19 13:04:21'),(1008,'Vauxhall VX220 Turbo \'00 ',96,'2011-05-19 13:04:21','2011-05-19 13:04:21'),(1009,'Volkswagen Beetle 1100 Standard (Type-11) \'49 ',97,'2011-05-19 13:04:21','2011-05-19 13:04:21'),(1010,'Volkswagen Bora V6 4MOTION \'01 ',97,'2011-05-19 13:04:21','2011-05-19 13:04:21'),(1011,'Volkswagen Golf I GTI \'76 ',97,'2011-05-19 13:04:21','2011-05-19 13:04:21'),(1012,'Volkswagen Golf IV GTI \'01 ',97,'2011-05-19 13:04:21','2011-05-19 13:04:21'),(1013,'Volkswagen Golf IV GTI RM \'01 ',97,'2011-05-19 13:04:21','2011-05-19 13:04:21'),(1014,'Volkswagen Golf IV R32 \'03 ',97,'2011-05-19 13:04:21','2011-05-19 13:04:21'),(1015,'Volkswagen Golf V GTI \'05 ',97,'2011-05-19 13:04:21','2011-05-19 13:04:21'),(1016,'Volkswagen Karmann Ghia Coupe (Type-1) \'68 ',97,'2011-05-19 13:04:21','2011-05-19 13:04:21'),(1017,'Volkswagen Kübelwagen Typ82 \'44 ',97,'2011-05-19 13:04:21','2011-05-19 13:04:21'),(1018,'Volkswagen Lupo1.4 \'02 ',97,'2011-05-19 13:04:21','2011-05-19 13:04:21'),(1019,'Volkswagen Lupo Cup Car \'00 ',97,'2011-05-19 13:04:21','2011-05-19 13:04:21'),(1020,'Volkswagen Lupo GTI \'01 ',97,'2011-05-19 13:04:21','2011-05-19 13:04:21'),(1021,'Volkswagen Lupo GTI Cup Car (J) \'03 ',97,'2011-05-19 13:04:21','2011-05-19 13:04:21'),(1022,'Volkswagen New Beetle 2.0 \'00 ',97,'2011-05-19 13:04:21','2011-05-19 13:04:21'),(1023,'Volkswagen New Beetle Cup Car \'00 ',97,'2011-05-19 13:04:21','2011-05-19 13:04:21'),(1024,'Volkswagen New Beetle RSi \'00 ',97,'2011-05-19 13:04:21','2011-05-19 13:04:21'),(1025,'Volkswagen Polo GTI \'01 ',97,'2011-05-19 13:04:21','2011-05-19 13:04:21'),(1026,'Volkswagen Schwimmwagen Typ166 \'42 ',97,'2011-05-19 13:04:21','2011-05-19 13:04:21'),(1027,'Volkswagen typ2(T1) SambaBus \'62 ',97,'2011-05-19 13:04:21','2011-05-19 13:04:21'),(1028,'Volkswagen W12 Nardo Concept \'01 ',97,'2011-05-19 13:04:21','2011-05-19 13:04:21'),(1029,'Volvo 240 GLT Estate \'88 ',98,'2011-05-19 13:04:21','2011-05-19 13:04:21'),(1030,'Volvo C30 R-Design \'09 ',98,'2011-05-19 13:04:21','2011-05-19 13:04:21'),(1031,'Volvo S60 T-5 Sport \'03 ',98,'2011-05-19 13:04:21','2011-05-19 13:04:21');
/*!40000 ALTER TABLE `cars` ENABLE KEYS */;
UNLOCK TABLES;

--
-- Table structure for table `locations`
--

DROP TABLE IF EXISTS `locations`;
/*!40101 SET @saved_cs_client     = @@character_set_client */;
/*!40101 SET character_set_client = utf8 */;
CREATE TABLE `locations` (
  `id` int(11) NOT NULL AUTO_INCREMENT,
  `name` varchar(255) COLLATE utf8_unicode_ci DEFAULT NULL,
  `description` text COLLATE utf8_unicode_ci,
  `created_at` datetime DEFAULT NULL,
  `updated_at` datetime DEFAULT NULL,
  `track_type_id` int(11) DEFAULT NULL,
  PRIMARY KEY (`id`)
) ENGINE=InnoDB AUTO_INCREMENT=28 DEFAULT CHARSET=utf8 COLLATE=utf8_unicode_ci;
/*!40101 SET character_set_client = @saved_cs_client */;

--
-- Dumping data for table `locations`
--

LOCK TABLES `locations` WRITE;
/*!40000 ALTER TABLE `locations` DISABLE KEYS */;
INSERT INTO `locations` VALUES (1,'Fuji Speedway',NULL,NULL,NULL,1),(2,'Suzuka Circuit',NULL,NULL,NULL,1),(3,'Daytona International Speedway',NULL,NULL,NULL,1),(4,'Tsukuba Circuit',NULL,NULL,NULL,1),(5,'Circuit de la Sarthe',NULL,NULL,NULL,1),(6,'Nürburgring',NULL,NULL,NULL,1),(7,'Indianapolis Motorspeedway',NULL,NULL,NULL,1),(8,'Autodromo Nazionale Monza',NULL,NULL,NULL,1),(9,'The Top Gear Test Track',NULL,NULL,NULL,1),(10,'Laguna Seca Raceway',NULL,NULL,NULL,1),(11,'High Speed Ring',NULL,NULL,NULL,2),(12,'Cape Ring',NULL,NULL,NULL,2),(13,'Autumn Ring',NULL,NULL,NULL,2),(14,'Deep Forest Raceway',NULL,NULL,NULL,2),(15,'Grand Valley Speedway',NULL,NULL,NULL,2),(16,'Eiger Nordwand Track',NULL,NULL,NULL,2),(17,'Trial Mountain Circuit',NULL,NULL,NULL,2),(18,'London',NULL,NULL,NULL,3),(19,'Rome',NULL,NULL,NULL,3),(20,'Circuito de Madrid',NULL,NULL,NULL,3),(21,'Tokyo R246',NULL,NULL,NULL,3),(22,'Côte d\'Azur',NULL,NULL,NULL,3),(23,'Special Stage Route 5',NULL,NULL,NULL,3),(24,'Special Stage Route 7',NULL,NULL,NULL,3),(25,'Eiger Nordwand Track',NULL,NULL,NULL,4),(26,'Toscana',NULL,NULL,NULL,4),(27,'Chamonix',NULL,NULL,NULL,4);
/*!40000 ALTER TABLE `locations` ENABLE KEYS */;
UNLOCK TABLES;

--
-- Table structure for table `manufacturers`
--

DROP TABLE IF EXISTS `manufacturers`;
/*!40101 SET @saved_cs_client     = @@character_set_client */;
/*!40101 SET character_set_client = utf8 */;
CREATE TABLE `manufacturers` (
  `id` int(11) NOT NULL AUTO_INCREMENT,
  `name` varchar(255) COLLATE utf8_unicode_ci DEFAULT NULL,
  `description` text COLLATE utf8_unicode_ci,
  `created_at` datetime DEFAULT NULL,
  `updated_at` datetime DEFAULT NULL,
  PRIMARY KEY (`id`)
) ENGINE=InnoDB AUTO_INCREMENT=99 DEFAULT CHARSET=utf8 COLLATE=utf8_unicode_ci;
/*!40101 SET character_set_client = @saved_cs_client */;

--
-- Dumping data for table `manufacturers`
--

LOCK TABLES `manufacturers` WRITE;
/*!40000 ALTER TABLE `manufacturers` DISABLE KEYS */;
INSERT INTO `manufacturers` VALUES (1,'AC Cars',NULL,'2011-05-19 12:34:24','2011-05-19 12:34:24'),(2,'Acura',NULL,'2011-05-19 12:34:24','2011-05-19 12:34:24'),(3,'AEM',NULL,'2011-05-19 12:34:24','2011-05-19 12:34:24'),(4,'Alfa Romeo',NULL,'2011-05-19 12:34:24','2011-05-19 12:34:24'),(5,'Alpine',NULL,'2011-05-19 12:34:24','2011-05-19 12:34:24'),(6,'Amuse',NULL,'2011-05-19 12:34:24','2011-05-19 12:34:24'),(7,'Art Morrison',NULL,'2011-05-19 12:34:25','2011-05-19 12:34:25'),(8,'Aston Martin',NULL,'2011-05-19 12:34:25','2011-05-19 12:34:25'),(9,'Audi',NULL,'2011-05-19 12:34:25','2011-05-19 12:34:25'),(10,'Autobacs',NULL,'2011-05-19 12:34:25','2011-05-19 12:34:25'),(11,'Autobianchi',NULL,'2011-05-19 12:34:25','2011-05-19 12:34:25'),(12,'Bentley',NULL,'2011-05-19 12:34:25','2011-05-19 12:34:25'),(13,'Blitz',NULL,'2011-05-19 12:34:25','2011-05-19 12:34:25'),(14,'BMW',NULL,'2011-05-19 12:34:25','2011-05-19 12:34:25'),(15,'Bugatti',NULL,'2011-05-19 12:34:25','2011-05-19 12:34:25'),(16,'Buick',NULL,'2011-05-19 12:34:25','2011-05-19 12:34:25'),(17,'Cadillac',NULL,'2011-05-19 12:34:25','2011-05-19 12:34:25'),(18,'Callaway',NULL,'2011-05-19 12:34:25','2011-05-19 12:34:25'),(19,'Caterham',NULL,'2011-05-19 12:34:25','2011-05-19 12:34:25'),(20,'Chaparral',NULL,'2011-05-19 12:34:25','2011-05-19 12:34:25'),(21,'Chevrolet',NULL,'2011-05-19 12:34:25','2011-05-19 12:34:25'),(22,'Chrysler',NULL,'2011-05-19 12:34:25','2011-05-19 12:34:25'),(23,'Citroen',NULL,'2011-05-19 12:34:25','2011-05-19 12:34:25'),(24,'Cizeta',NULL,'2011-05-19 12:34:25','2011-05-19 12:34:25'),(25,'Daihatsu',NULL,'2011-05-19 12:34:25','2011-05-19 12:34:25'),(26,'DMC',NULL,'2011-05-19 12:34:25','2011-05-19 12:34:25'),(27,'Dodge',NULL,'2011-05-19 12:34:25','2011-05-19 12:34:25'),(28,'Dome',NULL,'2011-05-19 12:34:25','2011-05-19 12:34:25'),(29,'Eagle',NULL,'2011-05-19 12:34:25','2011-05-19 12:34:25'),(30,'Ferrari',NULL,'2011-05-19 12:34:25','2011-05-19 12:34:25'),(31,'Fiat',NULL,'2011-05-19 12:34:25','2011-05-19 12:34:25'),(32,'Ford',NULL,'2011-05-19 12:34:25','2011-05-19 12:34:25'),(33,'Gillet',NULL,'2011-05-19 12:34:25','2011-05-19 12:34:25'),(34,'Ginetta',NULL,'2011-05-19 12:34:25','2011-05-19 12:34:25'),(35,'Gran Turismo',NULL,'2011-05-19 12:34:25','2011-05-19 12:34:25'),(36,'Grand Touring Garage',NULL,'2011-05-19 12:34:25','2011-05-19 12:34:25'),(37,'High End Performance',NULL,'2011-05-19 12:34:25','2011-05-19 12:34:25'),(38,'HKS',NULL,'2011-05-19 12:34:25','2011-05-19 12:34:25'),(39,'Holden',NULL,'2011-05-19 12:34:25','2011-05-19 12:34:25'),(40,'Hommel',NULL,'2011-05-19 12:34:25','2011-05-19 12:34:25'),(41,'Honda',NULL,'2011-05-19 12:34:25','2011-05-19 12:34:25'),(42,'HPA Motorsports',NULL,'2011-05-19 12:34:25','2011-05-19 12:34:25'),(43,'Hyundai',NULL,'2011-05-19 12:34:25','2011-05-19 12:34:25'),(44,'Infiniti',NULL,'2011-05-19 12:34:25','2011-05-19 12:34:25'),(45,'Isuzu',NULL,'2011-05-19 12:34:25','2011-05-19 12:34:25'),(46,'Jaguar',NULL,'2011-05-19 12:34:25','2011-05-19 12:34:25'),(47,'Jay Leno',NULL,'2011-05-19 12:34:25','2011-05-19 12:34:25'),(48,'Jenson',NULL,'2011-05-19 12:34:25','2011-05-19 12:34:25'),(49,'Lamborghini',NULL,'2011-05-19 12:34:25','2011-05-19 12:34:25'),(50,'Lancia',NULL,'2011-05-19 12:34:25','2011-05-19 12:34:25'),(51,'Land Rover',NULL,'2011-05-19 12:34:25','2011-05-19 12:34:25'),(52,'Lexus',NULL,'2011-05-19 12:34:25','2011-05-19 12:34:25'),(53,'Lister',NULL,'2011-05-19 12:34:25','2011-05-19 12:34:25'),(54,'Lotus',NULL,'2011-05-19 12:34:25','2011-05-19 12:34:25'),(55,'Marcos',NULL,'2011-05-19 12:34:25','2011-05-19 12:34:25'),(56,'Maserati',NULL,'2011-05-19 12:34:25','2011-05-19 12:34:25'),(57,'Mazda',NULL,'2011-05-19 12:34:25','2011-05-19 12:34:25'),(58,'McLaren',NULL,'2011-05-19 12:34:25','2011-05-19 12:34:25'),(59,'Mercedes-Benz',NULL,'2011-05-19 12:34:25','2011-05-19 12:34:25'),(60,'Mercury',NULL,'2011-05-19 12:34:25','2011-05-19 12:34:25'),(61,'MG',NULL,'2011-05-19 12:34:25','2011-05-19 12:34:25'),(62,'Mine\'s',NULL,'2011-05-19 12:34:25','2011-05-19 12:34:25'),(63,'Mini',NULL,'2011-05-19 12:34:25','2011-05-19 12:34:25'),(64,'Mitsubishi',NULL,'2011-05-19 12:34:25','2011-05-19 12:34:25'),(65,'Mugen',NULL,'2011-05-19 12:34:25','2011-05-19 12:34:25'),(66,'NISMO',NULL,'2011-05-19 12:34:25','2011-05-19 12:34:25'),(67,'Nissan',NULL,'2011-05-19 12:34:25','2011-05-19 12:34:25'),(68,'Opel',NULL,'2011-05-19 12:34:25','2011-05-19 12:34:25'),(69,'Opera Performance',NULL,'2011-05-19 12:34:25','2011-05-19 12:34:25'),(70,'Oullim Motors',NULL,'2011-05-19 12:34:25','2011-05-19 12:34:25'),(71,'Pagani',NULL,'2011-05-19 12:34:25','2011-05-19 12:34:25'),(72,'Panoz',NULL,'2011-05-19 12:34:25','2011-05-19 12:34:25'),(73,'Pescarolo',NULL,'2011-05-19 12:34:25','2011-05-19 12:34:25'),(74,'Peugeot',NULL,'2011-05-19 12:34:25','2011-05-19 12:34:25'),(75,'Plymouth',NULL,'2011-05-19 12:34:25','2011-05-19 12:34:25'),(76,'Pontiac',NULL,'2011-05-19 12:34:25','2011-05-19 12:34:25'),(77,'RE Amemiya',NULL,'2011-05-19 12:34:25','2011-05-19 12:34:25'),(78,'Renault',NULL,'2011-05-19 12:34:25','2011-05-19 12:34:25'),(79,'RUF',NULL,'2011-05-19 12:34:25','2011-05-19 12:34:25'),(80,'Saleen',NULL,'2011-05-19 12:34:25','2011-05-19 12:34:25'),(81,'Scion',NULL,'2011-05-19 12:34:25','2011-05-19 12:34:25'),(82,'SEAT',NULL,'2011-05-19 12:34:25','2011-05-19 12:34:25'),(83,'Shelby',NULL,'2011-05-19 12:34:25','2011-05-19 12:34:25'),(84,'Spoon',NULL,'2011-05-19 12:34:25','2011-05-19 12:34:25'),(85,'Spyker',NULL,'2011-05-19 12:34:25','2011-05-19 12:34:25'),(86,'Subaru',NULL,'2011-05-19 12:34:25','2011-05-19 12:34:25'),(87,'Suzuki',NULL,'2011-05-19 12:34:25','2011-05-19 12:34:25'),(88,'Tesla Motors',NULL,'2011-05-19 12:34:25','2011-05-19 12:34:25'),(89,'Tommykaira',NULL,'2011-05-19 12:34:25','2011-05-19 12:34:25'),(90,'Tom\'s',NULL,'2011-05-19 12:34:25','2011-05-19 12:34:25'),(91,'Toyota',NULL,'2011-05-19 12:34:25','2011-05-19 12:34:25'),(92,'TRD',NULL,'2011-05-19 12:34:25','2011-05-19 12:34:25'),(93,'TRIAL',NULL,'2011-05-19 12:34:25','2011-05-19 12:34:25'),(94,'Triumph',NULL,'2011-05-19 12:34:25','2011-05-19 12:34:25'),(95,'TVR',NULL,'2011-05-19 12:34:25','2011-05-19 12:34:25'),(96,'Vauxhall',NULL,'2011-05-19 12:34:25','2011-05-19 12:34:25'),(97,'Volkswagen',NULL,'2011-05-19 12:34:25','2011-05-19 12:34:25'),(98,'Volvo',NULL,'2011-05-19 12:34:25','2011-05-19 12:34:25');
/*!40000 ALTER TABLE `manufacturers` ENABLE KEYS */;
UNLOCK TABLES;

--
-- Table structure for table `owned_cars`
--

DROP TABLE IF EXISTS `owned_cars`;
/*!40101 SET @saved_cs_client     = @@character_set_client */;
/*!40101 SET character_set_client = utf8 */;
CREATE TABLE `owned_cars` (
  `id` int(11) NOT NULL AUTO_INCREMENT,
  `nickname` varchar(255) COLLATE utf8_unicode_ci DEFAULT NULL,
  `car_id` int(11) DEFAULT NULL,
  `user_id` int(11) DEFAULT NULL,
  `created_at` datetime DEFAULT NULL,
  `updated_at` datetime DEFAULT NULL,
  PRIMARY KEY (`id`)
) ENGINE=InnoDB AUTO_INCREMENT=2 DEFAULT CHARSET=utf8 COLLATE=utf8_unicode_ci;
/*!40101 SET character_set_client = @saved_cs_client */;

--
-- Dumping data for table `owned_cars`
--

LOCK TABLES `owned_cars` WRITE;
/*!40000 ALTER TABLE `owned_cars` DISABLE KEYS */;
INSERT INTO `owned_cars` VALUES (1,'My Shit',31,1,'2011-05-26 03:06:54','2011-05-26 03:06:54');
/*!40000 ALTER TABLE `owned_cars` ENABLE KEYS */;
UNLOCK TABLES;

--
-- Table structure for table `races`
--

DROP TABLE IF EXISTS `races`;
/*!40101 SET @saved_cs_client     = @@character_set_client */;
/*!40101 SET character_set_client = utf8 */;
CREATE TABLE `races` (
  `id` int(11) NOT NULL AUTO_INCREMENT,
  `name` varchar(255) COLLATE utf8_unicode_ci DEFAULT NULL,
  `location_id` int(11) DEFAULT NULL,
  `track_id` int(11) DEFAULT NULL,
  `created_at` datetime DEFAULT NULL,
  `updated_at` datetime DEFAULT NULL,
  PRIMARY KEY (`id`)
) ENGINE=InnoDB DEFAULT CHARSET=utf8 COLLATE=utf8_unicode_ci;
/*!40101 SET character_set_client = @saved_cs_client */;

--
-- Dumping data for table `races`
--

LOCK TABLES `races` WRITE;
/*!40000 ALTER TABLE `races` DISABLE KEYS */;
/*!40000 ALTER TABLE `races` ENABLE KEYS */;
UNLOCK TABLES;

--
-- Table structure for table `schema_migrations`
--

DROP TABLE IF EXISTS `schema_migrations`;
/*!40101 SET @saved_cs_client     = @@character_set_client */;
/*!40101 SET character_set_client = utf8 */;
CREATE TABLE `schema_migrations` (
  `version` varchar(255) COLLATE utf8_unicode_ci NOT NULL,
  UNIQUE KEY `unique_schema_migrations` (`version`)
) ENGINE=InnoDB DEFAULT CHARSET=utf8 COLLATE=utf8_unicode_ci;
/*!40101 SET character_set_client = @saved_cs_client */;

--
-- Dumping data for table `schema_migrations`
--

LOCK TABLES `schema_migrations` WRITE;
/*!40000 ALTER TABLE `schema_migrations` DISABLE KEYS */;
INSERT INTO `schema_migrations` VALUES ('20110125102714'),('20110125142122'),('20110125160402'),('20110125161124'),('20110125161125'),('20110125161126'),('20110125161127'),('20110125161128'),('20110125161129'),('20110125161130'),('20110125161131'),('20110125161132'),('20110125161133'),('20110125161134'),('20110125161135'),('20110125161136');
/*!40000 ALTER TABLE `schema_migrations` ENABLE KEYS */;
UNLOCK TABLES;

--
-- Table structure for table `sites`
--

DROP TABLE IF EXISTS `sites`;
/*!40101 SET @saved_cs_client     = @@character_set_client */;
/*!40101 SET character_set_client = utf8 */;
CREATE TABLE `sites` (
  `id` int(11) NOT NULL AUTO_INCREMENT,
  `name` varchar(255) COLLATE utf8_unicode_ci DEFAULT NULL,
  `url` varchar(255) COLLATE utf8_unicode_ci DEFAULT NULL,
  `user_id` int(11) DEFAULT NULL,
  `created_at` datetime DEFAULT NULL,
  `updated_at` datetime DEFAULT NULL,
  PRIMARY KEY (`id`)
) ENGINE=InnoDB AUTO_INCREMENT=2 DEFAULT CHARSET=utf8 COLLATE=utf8_unicode_ci;
/*!40101 SET character_set_client = @saved_cs_client */;

--
-- Dumping data for table `sites`
--

LOCK TABLES `sites` WRITE;
/*!40000 ALTER TABLE `sites` DISABLE KEYS */;
INSERT INTO `sites` VALUES (1,'GTCC','http://',1,'2011-05-19 20:29:32','2011-05-19 20:37:28');
/*!40000 ALTER TABLE `sites` ENABLE KEYS */;
UNLOCK TABLES;

--
-- Table structure for table `track_types`
--

DROP TABLE IF EXISTS `track_types`;
/*!40101 SET @saved_cs_client     = @@character_set_client */;
/*!40101 SET character_set_client = utf8 */;
CREATE TABLE `track_types` (
  `id` int(11) NOT NULL AUTO_INCREMENT,
  `name` varchar(255) COLLATE utf8_unicode_ci DEFAULT NULL,
  `created_at` datetime DEFAULT NULL,
  `updated_at` datetime DEFAULT NULL,
  PRIMARY KEY (`id`)
) ENGINE=InnoDB AUTO_INCREMENT=5 DEFAULT CHARSET=utf8 COLLATE=utf8_unicode_ci;
/*!40101 SET character_set_client = @saved_cs_client */;

--
-- Dumping data for table `track_types`
--

LOCK TABLES `track_types` WRITE;
/*!40000 ALTER TABLE `track_types` DISABLE KEYS */;
INSERT INTO `track_types` VALUES (1,'World Circuits',NULL,NULL),(2,'Original',NULL,NULL),(3,'City',NULL,NULL),(4,'Dirt and Snow',NULL,NULL);
/*!40000 ALTER TABLE `track_types` ENABLE KEYS */;
UNLOCK TABLES;

--
-- Table structure for table `tracks`
--

DROP TABLE IF EXISTS `tracks`;
/*!40101 SET @saved_cs_client     = @@character_set_client */;
/*!40101 SET character_set_client = utf8 */;
CREATE TABLE `tracks` (
  `id` int(11) NOT NULL AUTO_INCREMENT,
  `name` varchar(255) COLLATE utf8_unicode_ci DEFAULT NULL,
  `description` text COLLATE utf8_unicode_ci,
  `track_type_id` int(11) DEFAULT NULL,
  `location_id` int(11) DEFAULT NULL,
  `created_at` datetime DEFAULT NULL,
  `updated_at` datetime DEFAULT NULL,
  PRIMARY KEY (`id`)
) ENGINE=InnoDB AUTO_INCREMENT=73 DEFAULT CHARSET=utf8 COLLATE=utf8_unicode_ci;
/*!40101 SET character_set_client = @saved_cs_client */;

--
-- Dumping data for table `tracks`
--

LOCK TABLES `tracks` WRITE;
/*!40000 ALTER TABLE `tracks` DISABLE KEYS */;
INSERT INTO `tracks` VALUES (2,'Fuji Speedway　F',NULL,1,1,NULL,NULL),(3,'Fuji Speedway GT',NULL,1,1,NULL,NULL),(4,'Suzuka Circuit',NULL,1,2,NULL,NULL),(5,'Suzuka Circuit East Course',NULL,1,2,NULL,NULL),(6,'Superspeedway - Daytona',NULL,1,3,NULL,NULL),(7,'Road Course - Daytona',NULL,1,3,NULL,NULL),(8,'Tsukuba Circuit',NULL,1,4,NULL,NULL),(9,'Circuit de la Sarthe 2009',NULL,1,5,NULL,NULL),(10,'Circuit de la Sarthe 2009 No Chicane',NULL,1,5,NULL,NULL),(11,'Circuit de la Sarthe 2005',NULL,1,5,NULL,NULL),(12,'Circuit de la Sarthe 2005 No Chicane',NULL,1,5,NULL,NULL),(13,'Nürburgring Nordschleife',NULL,1,6,NULL,NULL),(14,'Nürburgring GP/F',NULL,1,6,NULL,NULL),(15,'Nürburgring 24h',NULL,1,6,NULL,NULL),(16,'Nürburgring GP/D',NULL,1,6,NULL,NULL),(17,'Nürburgring typeV',NULL,1,6,NULL,NULL),(18,'Superspeedway - Indy',NULL,1,7,NULL,NULL),(19,'Road Course - Indy',NULL,1,7,NULL,NULL),(20,'Autodromo Nazionale Monza',NULL,1,8,NULL,NULL),(21,'Autodromo Nazionale Monza No Chicane',NULL,1,8,NULL,NULL),(22,'The Top Gear Test Track',NULL,1,9,NULL,NULL),(23,'Laguna Seca Raceway',NULL,1,10,NULL,NULL),(24,'High Speed Ring',NULL,2,11,NULL,NULL),(25,'High Speed Ring Reverse',NULL,2,11,NULL,NULL),(26,'Cape Ring',NULL,2,12,NULL,NULL),(27,'Cape Ring Inside',NULL,2,12,NULL,NULL),(28,'Cape Ring North',NULL,2,12,NULL,NULL),(29,'Cape Ring Outside',NULL,2,12,NULL,NULL),(30,'Cape Ring South',NULL,2,12,NULL,NULL),(31,'Autumn Ring',NULL,2,13,NULL,NULL),(32,'Autumn Ring / Reverse',NULL,2,13,NULL,NULL),(33,'Autumn Ring Mini',NULL,2,13,NULL,NULL),(34,'Autumn Ring Mini / Reverse',NULL,2,13,NULL,NULL),(35,'Deep Forest Raceway',NULL,2,14,NULL,NULL),(36,'Deep Forest Raceway / Reverse',NULL,2,14,NULL,NULL),(37,'Grand Valley Speedway',NULL,2,15,NULL,NULL),(38,'Grand Valley Speedway / Reverse',NULL,2,15,NULL,NULL),(39,'Grand Valley East Section',NULL,2,15,NULL,NULL),(40,'Grand Valley East Section / Reverse',NULL,2,15,NULL,NULL),(41,'Eiger Nordwand Track Short Track',NULL,2,16,NULL,NULL),(42,'Eiger Nordwand Track Short Track / Reverse',NULL,2,16,NULL,NULL),(43,'Trial Mountain Circuit',NULL,2,17,NULL,NULL),(44,'Trial Mountain Circuit / Reverse',NULL,2,17,NULL,NULL),(45,'London',NULL,3,18,NULL,NULL),(46,'London / Reverse',NULL,3,18,NULL,NULL),(47,'Rome',NULL,3,19,NULL,NULL),(48,'Rome / Reverse',NULL,3,19,NULL,NULL),(49,'Circuito de Madrid',NULL,3,20,NULL,NULL),(50,'Circuito de Madrid / Reverse',NULL,3,20,NULL,NULL),(51,'Circuito de Madrid Mini',NULL,3,20,NULL,NULL),(52,'Circuito de Madrid Mini/ Reverse',NULL,3,20,NULL,NULL),(53,'Tokyo R246',NULL,3,21,NULL,NULL),(54,'Tokyo R246 / Reverse',NULL,3,21,NULL,NULL),(55,'Côte d\'Azur',NULL,3,22,NULL,NULL),(56,'Special Stage Route 5 / Night',NULL,3,23,NULL,NULL),(57,'Special Stage Route 5 / Reverse / Night',NULL,3,23,NULL,NULL),(58,'Clubman Stage Route 5 / Night',NULL,3,23,NULL,NULL),(59,'Clubman Stage Route 5 / Reverse/ Night',NULL,3,23,NULL,NULL),(60,'Special Stage Route 7 / Night',NULL,3,24,NULL,NULL),(61,'Eiger Nordwand Track K Trail',NULL,4,25,NULL,NULL),(62,'Eiger Nordwand Track K Trail / Reverse',NULL,4,25,NULL,NULL),(63,'Eiger Nordwand Track G Trail',NULL,4,25,NULL,NULL),(64,'Eiger Nordwand Track G Trail / Reverse',NULL,4,25,NULL,NULL),(65,'Eiger Nordwand Track W Trail',NULL,4,25,NULL,NULL),(66,'Eiger Nordwand Track W Trail / Reverse',NULL,4,25,NULL,NULL),(67,'Toscana',NULL,4,26,NULL,NULL),(68,'Toscana / Reverse',NULL,4,26,NULL,NULL),(69,'Chamonix Main',NULL,4,27,NULL,NULL),(70,'Chamonix East',NULL,4,27,NULL,NULL),(71,'Chamonix West',NULL,4,27,NULL,NULL),(72,'Chamonix Mini',NULL,4,27,NULL,NULL);
/*!40000 ALTER TABLE `tracks` ENABLE KEYS */;
UNLOCK TABLES;

--
-- Table structure for table `tunings`
--

DROP TABLE IF EXISTS `tunings`;
/*!40101 SET @saved_cs_client     = @@character_set_client */;
/*!40101 SET character_set_client = utf8 */;
CREATE TABLE `tunings` (
  `id` int(11) NOT NULL AUTO_INCREMENT,
  `name` varchar(255) COLLATE utf8_unicode_ci DEFAULT NULL,
  `car_id` int(11) DEFAULT NULL,
  `user_id` int(11) DEFAULT NULL,
  `description` text COLLATE utf8_unicode_ci,
  `created_at` datetime DEFAULT NULL,
  `updated_at` datetime DEFAULT NULL,
  PRIMARY KEY (`id`)
) ENGINE=InnoDB AUTO_INCREMENT=4 DEFAULT CHARSET=utf8 COLLATE=utf8_unicode_ci;
/*!40101 SET character_set_client = @saved_cs_client */;

--
-- Dumping data for table `tunings`
--

LOCK TABLES `tunings` WRITE;
/*!40000 ALTER TABLE `tunings` DISABLE KEYS */;
INSERT INTO `tunings` VALUES (1,'Test Tuning',31,1,'','2011-05-26 03:32:22','2011-05-26 03:32:22'),(2,'Fuck',31,1,'','2011-05-26 03:36:44','2011-05-26 03:36:44'),(3,'',31,1,'','2011-05-26 04:06:21','2011-05-26 04:06:21');
/*!40000 ALTER TABLE `tunings` ENABLE KEYS */;
UNLOCK TABLES;

--
-- Table structure for table `tunings_upgrades`
--

DROP TABLE IF EXISTS `tunings_upgrades`;
/*!40101 SET @saved_cs_client     = @@character_set_client */;
/*!40101 SET character_set_client = utf8 */;
CREATE TABLE `tunings_upgrades` (
  `tuning_id` int(11) DEFAULT NULL,
  `upgrade_id` int(11) DEFAULT NULL,
  `created_at` datetime DEFAULT NULL,
  `updated_at` datetime DEFAULT NULL
) ENGINE=InnoDB DEFAULT CHARSET=utf8 COLLATE=utf8_unicode_ci;
/*!40101 SET character_set_client = @saved_cs_client */;

--
-- Dumping data for table `tunings_upgrades`
--

LOCK TABLES `tunings_upgrades` WRITE;
/*!40000 ALTER TABLE `tunings_upgrades` DISABLE KEYS */;
INSERT INTO `tunings_upgrades` VALUES (3,31,'2011-05-26 04:06:21','2011-05-26 04:06:21'),(3,4,'2011-05-26 04:14:19','2011-05-26 04:14:19'),(3,5,'2011-05-26 04:14:19','2011-05-26 04:14:19'),(3,6,'2011-05-26 04:14:19','2011-05-26 04:14:19'),(3,3,'2011-05-26 04:14:19','2011-05-26 04:14:19'),(3,28,'2011-05-26 04:14:19','2011-05-26 04:14:19'),(3,32,'2011-05-26 04:21:26','2011-05-26 04:21:26'),(3,33,'2011-05-26 04:21:26','2011-05-26 04:21:26'),(3,30,'2011-05-26 04:21:26','2011-05-26 04:21:26'),(3,11,'2011-05-26 04:21:26','2011-05-26 04:21:26'),(3,10,'2011-05-26 04:21:26','2011-05-26 04:21:26'),(3,17,'2011-05-26 04:21:26','2011-05-26 04:21:26'),(3,18,'2011-05-26 04:21:26','2011-05-26 04:21:26'),(3,19,'2011-05-26 04:21:26','2011-05-26 04:21:26'),(3,12,'2011-05-26 04:21:26','2011-05-26 04:21:26'),(3,14,'2011-05-26 04:21:26','2011-05-26 04:21:26'),(3,36,'2011-05-26 04:21:26','2011-05-26 04:21:26'),(3,26,'2011-05-26 04:21:26','2011-05-26 04:21:26'),(3,23,'2011-05-26 04:21:26','2011-05-26 04:21:26');
/*!40000 ALTER TABLE `tunings_upgrades` ENABLE KEYS */;
UNLOCK TABLES;

--
-- Table structure for table `upgrade_groups`
--

DROP TABLE IF EXISTS `upgrade_groups`;
/*!40101 SET @saved_cs_client     = @@character_set_client */;
/*!40101 SET character_set_client = utf8 */;
CREATE TABLE `upgrade_groups` (
  `id` int(11) NOT NULL AUTO_INCREMENT,
  `name` varchar(255) COLLATE utf8_unicode_ci DEFAULT NULL,
  `parent_id` int(11) DEFAULT NULL,
  `lft` int(11) DEFAULT NULL,
  `rgt` int(11) DEFAULT NULL,
  `created_at` datetime DEFAULT NULL,
  `updated_at` datetime DEFAULT NULL,
  PRIMARY KEY (`id`)
) ENGINE=InnoDB AUTO_INCREMENT=20 DEFAULT CHARSET=utf8 COLLATE=utf8_unicode_ci;
/*!40101 SET character_set_client = @saved_cs_client */;

--
-- Dumping data for table `upgrade_groups`
--

LOCK TABLES `upgrade_groups` WRITE;
/*!40000 ALTER TABLE `upgrade_groups` DISABLE KEYS */;
INSERT INTO `upgrade_groups` VALUES (4,'Body/Chassis',NULL,1,4,'2011-05-26 01:36:10','2011-05-26 01:36:10'),(5,'Engine',NULL,5,8,'2011-05-26 01:36:22','2011-05-26 01:36:22'),(6,'Intake System',NULL,9,10,'2011-05-26 01:36:44','2011-05-26 01:36:44'),(7,'Exhaust',NULL,11,12,'2011-05-26 01:36:59','2011-05-26 01:36:59'),(8,'Turbo Kits and Super Chargers',NULL,13,18,'2011-05-26 01:37:15','2011-05-26 01:37:15'),(9,'Transmission',NULL,19,20,'2011-05-26 01:37:38','2011-05-26 01:37:38'),(10,'Drivetrain',NULL,21,26,'2011-05-26 01:37:55','2011-05-26 01:37:55'),(11,'Suspension',NULL,27,28,'2011-05-26 01:38:08','2011-05-26 01:38:08'),(12,'Tyres',NULL,29,30,'2011-05-26 01:39:33','2011-05-26 01:39:33'),(13,'Clutch',10,22,23,'2011-05-26 01:40:33','2011-05-26 01:40:33'),(14,'Flywheel',10,24,25,'2011-05-26 01:40:53','2011-05-26 01:40:53'),(15,'Chassis Weight Reduction',4,2,3,'2011-05-26 02:07:47','2011-05-26 02:07:47'),(16,'Engine Tune',5,6,7,'2011-05-26 02:08:12','2011-05-26 02:08:12'),(17,'RPM Range Turbo Kit',8,14,15,'2011-05-26 02:10:58','2011-05-26 02:10:58'),(18,'Super Chargers',8,16,17,'2011-05-26 02:25:29','2011-05-26 02:25:29'),(19,'Aerodynamics',NULL,31,32,'2011-05-26 02:39:16','2011-05-26 02:39:16');
/*!40000 ALTER TABLE `upgrade_groups` ENABLE KEYS */;
UNLOCK TABLES;

--
-- Table structure for table `upgrades`
--

DROP TABLE IF EXISTS `upgrades`;
/*!40101 SET @saved_cs_client     = @@character_set_client */;
/*!40101 SET character_set_client = utf8 */;
CREATE TABLE `upgrades` (
  `id` int(11) NOT NULL AUTO_INCREMENT,
  `name` varchar(255) COLLATE utf8_unicode_ci DEFAULT NULL,
  `upgrade_group_id` int(11) DEFAULT NULL,
  `description` text COLLATE utf8_unicode_ci,
  `created_at` datetime DEFAULT NULL,
  `updated_at` datetime DEFAULT NULL,
  PRIMARY KEY (`id`)
) ENGINE=InnoDB AUTO_INCREMENT=37 DEFAULT CHARSET=utf8 COLLATE=utf8_unicode_ci;
/*!40101 SET character_set_client = @saved_cs_client */;

--
-- Dumping data for table `upgrades`
--

LOCK TABLES `upgrades` WRITE;
/*!40000 ALTER TABLE `upgrades` DISABLE KEYS */;
INSERT INTO `upgrades` VALUES (1,'Stage 1',15,'','2011-05-26 02:13:38','2011-05-26 02:13:38'),(2,'Stage 2',15,'','2011-05-26 02:17:13','2011-05-26 02:17:13'),(3,'Stage 3',15,'','2011-05-26 02:17:30','2011-05-26 02:17:30'),(4,'Rigidity Improvement',4,'','2011-05-26 02:17:52','2011-05-26 02:17:52'),(5,'Window Weight Reduction',4,'','2011-05-26 02:19:41','2011-05-26 02:19:41'),(6,'Carbon Bonnet',4,'','2011-05-26 02:19:54','2011-05-26 02:19:54'),(7,'Carbon Bonnet (Body Colour)',4,'','2011-05-26 02:20:06','2011-05-26 02:20:06'),(8,'Stage 1',16,'','2011-05-26 02:20:20','2011-05-26 02:20:20'),(9,'Stage 2',16,'','2011-05-26 02:20:28','2011-05-26 02:20:28'),(10,'Stage 3',16,'','2011-05-26 02:20:32','2011-05-26 02:20:32'),(11,'ECU',5,'','2011-05-26 02:20:53','2011-05-26 02:20:53'),(12,'Sports Intake Manifold',6,'','2011-05-26 02:21:12','2011-05-26 02:21:12'),(13,'Sports Filter',6,'','2011-05-26 02:21:25','2011-05-26 02:21:25'),(14,'Racing Filter',6,'','2011-05-26 02:21:34','2011-05-26 02:21:34'),(15,'Sports Exhaust',7,'','2011-05-26 02:23:09','2011-05-26 02:23:09'),(16,'Titanium Semi-Racing Exhaust',7,'','2011-05-26 02:23:25','2011-05-26 02:23:25'),(17,'Titanium Racing Exhaust',7,'','2011-05-26 02:23:32','2011-05-26 02:23:32'),(18,'Sports Exhaust Manifold',7,'','2011-05-26 02:23:59','2011-05-26 02:23:59'),(19,'Catalytic Converter: Sports',7,'','2011-05-26 02:24:20','2011-05-26 02:24:20'),(20,'Super Charger',18,'','2011-05-26 02:29:11','2011-05-26 02:29:11'),(21,'Low',17,'','2011-05-26 02:29:22','2011-05-26 02:29:22'),(22,'Mid',17,'','2011-05-26 02:29:27','2011-05-26 02:29:27'),(23,'High',17,'','2011-05-26 02:29:34','2011-05-26 02:29:34'),(24,'5 Speed Close-Ratio Transmission',9,'','2011-05-26 02:30:03','2011-05-26 02:30:03'),(25,'6 Speed Close-Ratio Transmission',9,'','2011-05-26 02:30:10','2011-05-26 02:30:10'),(26,'Fully Customisable  Transmission',9,'','2011-05-26 02:30:40','2011-05-26 02:30:40'),(27,'Single Plate',13,'','2011-05-26 02:35:08','2011-05-26 02:35:08'),(28,'Twin Plate',13,'','2011-05-26 02:35:16','2011-05-26 02:35:16'),(29,'Sports',14,'','2011-05-26 02:35:36','2011-05-26 02:35:36'),(30,'Semi-Racing',14,'','2011-05-26 02:35:45','2011-05-26 02:35:45'),(31,'Carbon Propeller Shaft',10,'','2011-05-26 02:36:00','2011-05-26 02:36:00'),(32,'Torque Distributing Centre Differential',10,'','2011-05-26 02:36:21','2011-05-26 02:36:21'),(33,'Fully Customisable LSD',10,'','2011-05-26 02:36:40','2011-05-26 02:36:40'),(34,'Fixed Sports Kit',11,'','2011-05-26 02:37:04','2011-05-26 02:37:04'),(35,'Height-Adjusted Kit',11,'','2011-05-26 02:37:23','2011-05-26 02:37:23'),(36,'Fully Customisable Kit',11,'','2011-05-26 02:37:34','2011-05-26 02:37:34');
/*!40000 ALTER TABLE `upgrades` ENABLE KEYS */;
UNLOCK TABLES;

--
-- Table structure for table `users`
--

DROP TABLE IF EXISTS `users`;
/*!40101 SET @saved_cs_client     = @@character_set_client */;
/*!40101 SET character_set_client = utf8 */;
CREATE TABLE `users` (
  `id` int(11) NOT NULL AUTO_INCREMENT,
  `email` varchar(255) COLLATE utf8_unicode_ci NOT NULL DEFAULT '',
  `encrypted_password` varchar(128) COLLATE utf8_unicode_ci NOT NULL DEFAULT '',
  `password_salt` varchar(255) COLLATE utf8_unicode_ci NOT NULL DEFAULT '',
  `reset_password_token` varchar(255) COLLATE utf8_unicode_ci DEFAULT NULL,
  `remember_token` varchar(255) COLLATE utf8_unicode_ci DEFAULT NULL,
  `remember_created_at` datetime DEFAULT NULL,
  `sign_in_count` int(11) DEFAULT '0',
  `current_sign_in_at` datetime DEFAULT NULL,
  `last_sign_in_at` datetime DEFAULT NULL,
  `current_sign_in_ip` varchar(255) COLLATE utf8_unicode_ci DEFAULT NULL,
  `last_sign_in_ip` varchar(255) COLLATE utf8_unicode_ci DEFAULT NULL,
  `created_at` datetime DEFAULT NULL,
  `updated_at` datetime DEFAULT NULL,
  `username` varchar(255) COLLATE utf8_unicode_ci DEFAULT NULL,
  `roles` varchar(255) COLLATE utf8_unicode_ci DEFAULT '--- []',
  PRIMARY KEY (`id`),
  UNIQUE KEY `index_users_on_email` (`email`),
  UNIQUE KEY `index_users_on_reset_password_token` (`reset_password_token`)
) ENGINE=InnoDB AUTO_INCREMENT=2 DEFAULT CHARSET=utf8 COLLATE=utf8_unicode_ci;
/*!40101 SET character_set_client = @saved_cs_client */;

--
-- Dumping data for table `users`
--

LOCK TABLES `users` WRITE;
/*!40000 ALTER TABLE `users` DISABLE KEYS */;
INSERT INTO `users` VALUES (1,'admin@local.com','$2a$10$SbX0H3TlcXfyKmBS5b6TO.nRf/5NUR12FW0BSjzKchlAyMOnnUkGW','$2a$10$SbX0H3TlcXfyKmBS5b6TO.',NULL,NULL,NULL,2,'2011-05-26 01:13:01','2011-05-19 20:36:42','127.0.0.1','127.0.0.1','2011-05-19 20:29:31','2011-05-26 01:13:01','admin','--- \n- admin\n- owner\n');
/*!40000 ALTER TABLE `users` ENABLE KEYS */;
UNLOCK TABLES;
/*!40103 SET TIME_ZONE=@OLD_TIME_ZONE */;

/*!40101 SET SQL_MODE=@OLD_SQL_MODE */;
/*!40014 SET FOREIGN_KEY_CHECKS=@OLD_FOREIGN_KEY_CHECKS */;
/*!40014 SET UNIQUE_CHECKS=@OLD_UNIQUE_CHECKS */;
/*!40101 SET CHARACTER_SET_CLIENT=@OLD_CHARACTER_SET_CLIENT */;
/*!40101 SET CHARACTER_SET_RESULTS=@OLD_CHARACTER_SET_RESULTS */;
/*!40101 SET COLLATION_CONNECTION=@OLD_COLLATION_CONNECTION */;
/*!40111 SET SQL_NOTES=@OLD_SQL_NOTES */;

-- Dump completed on 2011-05-26  5:30:42
